PRAGMA foreign_keys=OFF;
BEGIN TRANSACTION;
CREATE TABLE IF NOT EXISTS "django_migrations" ("id" integer NOT NULL PRIMARY KEY AUTOINCREMENT, "app" varchar(255) NOT NULL, "name" varchar(255) NOT NULL, "applied" datetime NOT NULL);
INSERT INTO django_migrations VALUES(1,'contenttypes','0001_initial','2025-01-01 08:55:31.759078');
INSERT INTO django_migrations VALUES(2,'contenttypes','0002_remove_content_type_name','2025-01-01 08:55:32.126179');
INSERT INTO django_migrations VALUES(3,'auth','0001_initial','2025-01-01 08:55:32.809871');
INSERT INTO django_migrations VALUES(4,'auth','0002_alter_permission_name_max_length','2025-01-01 08:55:33.134541');
INSERT INTO django_migrations VALUES(5,'auth','0003_alter_user_email_max_length','2025-01-01 08:55:33.480138');
INSERT INTO django_migrations VALUES(6,'auth','0004_alter_user_username_opts','2025-01-01 08:55:33.804380');
INSERT INTO django_migrations VALUES(7,'auth','0005_alter_user_last_login_null','2025-01-01 08:55:34.161798');
INSERT INTO django_migrations VALUES(8,'auth','0006_require_contenttypes_0002','2025-01-01 08:55:34.480800');
INSERT INTO django_migrations VALUES(9,'auth','0007_alter_validators_add_error_messages','2025-01-01 08:55:34.834660');
INSERT INTO django_migrations VALUES(10,'auth','0008_alter_user_username_max_length','2025-01-01 08:55:35.241904');
INSERT INTO django_migrations VALUES(11,'auth','0009_alter_user_last_name_max_length','2025-01-01 08:55:35.558525');
INSERT INTO django_migrations VALUES(12,'auth','0010_alter_group_name_max_length','2025-01-01 08:55:35.939799');
INSERT INTO django_migrations VALUES(13,'auth','0011_update_proxy_permissions','2025-01-01 08:55:36.262463');
INSERT INTO django_migrations VALUES(14,'auth','0012_alter_user_first_name_max_length','2025-01-01 08:55:36.618063');
INSERT INTO django_migrations VALUES(15,'anime_tracker','0001_initial','2025-01-01 08:55:37.210765');
INSERT INTO django_migrations VALUES(16,'admin','0001_initial','2025-01-01 08:55:37.907963');
INSERT INTO django_migrations VALUES(17,'admin','0002_logentry_remove_auto_add','2025-01-01 08:55:38.255165');
INSERT INTO django_migrations VALUES(18,'admin','0003_logentry_add_action_flag_choices','2025-01-01 08:55:38.586023');
INSERT INTO django_migrations VALUES(19,'sessions','0001_initial','2025-01-01 08:55:39.226985');
INSERT INTO django_migrations VALUES(22,'anime_tracker','0002_anime_genres_anime_seasons_anime_studios_anime_tags','2024-12-30 23:33:26.961126');
INSERT INTO django_migrations VALUES(23,'anime_tracker','0003_alter_seasons_season','2024-12-30 23:33:27.228771');
CREATE TABLE IF NOT EXISTS "django_content_type" ("id" integer NOT NULL PRIMARY KEY AUTOINCREMENT, "app_label" varchar(100) NOT NULL, "model" varchar(100) NOT NULL);
INSERT INTO django_content_type VALUES(1,'admin','logentry');
INSERT INTO django_content_type VALUES(2,'auth','permission');
INSERT INTO django_content_type VALUES(3,'auth','group');
INSERT INTO django_content_type VALUES(4,'contenttypes','contenttype');
INSERT INTO django_content_type VALUES(5,'sessions','session');
INSERT INTO django_content_type VALUES(6,'anime_tracker','users');
INSERT INTO django_content_type VALUES(7,'anime_tracker','anime');
INSERT INTO django_content_type VALUES(8,'anime_tracker','artist');
INSERT INTO django_content_type VALUES(9,'anime_tracker','genres');
INSERT INTO django_content_type VALUES(10,'anime_tracker','seasons');
INSERT INTO django_content_type VALUES(11,'anime_tracker','series');
INSERT INTO django_content_type VALUES(12,'anime_tracker','studios');
INSERT INTO django_content_type VALUES(13,'anime_tracker','tags');
INSERT INTO django_content_type VALUES(14,'anime_tracker','voiceactor');
INSERT INTO django_content_type VALUES(15,'anime_tracker','user_anime_relations');
INSERT INTO django_content_type VALUES(16,'anime_tracker','song');
INSERT INTO django_content_type VALUES(17,'anime_tracker','character');
INSERT INTO django_content_type VALUES(18,'anime_tracker','anime_tags');
INSERT INTO django_content_type VALUES(19,'anime_tracker','anime_studio');
INSERT INTO django_content_type VALUES(20,'anime_tracker','anime_seasons');
INSERT INTO django_content_type VALUES(21,'anime_tracker','anime_genres');
CREATE TABLE IF NOT EXISTS "auth_group_permissions" ("id" integer NOT NULL PRIMARY KEY AUTOINCREMENT, "group_id" integer NOT NULL REFERENCES "auth_group" ("id") DEFERRABLE INITIALLY DEFERRED, "permission_id" integer NOT NULL REFERENCES "auth_permission" ("id") DEFERRABLE INITIALLY DEFERRED);
CREATE TABLE IF NOT EXISTS "auth_permission" ("id" integer NOT NULL PRIMARY KEY AUTOINCREMENT, "content_type_id" integer NOT NULL REFERENCES "django_content_type" ("id") DEFERRABLE INITIALLY DEFERRED, "codename" varchar(100) NOT NULL, "name" varchar(255) NOT NULL);
INSERT INTO auth_permission VALUES(1,1,'add_logentry','Can add log entry');
INSERT INTO auth_permission VALUES(2,1,'change_logentry','Can change log entry');
INSERT INTO auth_permission VALUES(3,1,'delete_logentry','Can delete log entry');
INSERT INTO auth_permission VALUES(4,1,'view_logentry','Can view log entry');
INSERT INTO auth_permission VALUES(5,2,'add_permission','Can add permission');
INSERT INTO auth_permission VALUES(6,2,'change_permission','Can change permission');
INSERT INTO auth_permission VALUES(7,2,'delete_permission','Can delete permission');
INSERT INTO auth_permission VALUES(8,2,'view_permission','Can view permission');
INSERT INTO auth_permission VALUES(9,3,'add_group','Can add group');
INSERT INTO auth_permission VALUES(10,3,'change_group','Can change group');
INSERT INTO auth_permission VALUES(11,3,'delete_group','Can delete group');
INSERT INTO auth_permission VALUES(12,3,'view_group','Can view group');
INSERT INTO auth_permission VALUES(13,4,'add_contenttype','Can add content type');
INSERT INTO auth_permission VALUES(14,4,'change_contenttype','Can change content type');
INSERT INTO auth_permission VALUES(15,4,'delete_contenttype','Can delete content type');
INSERT INTO auth_permission VALUES(16,4,'view_contenttype','Can view content type');
INSERT INTO auth_permission VALUES(17,5,'add_session','Can add session');
INSERT INTO auth_permission VALUES(18,5,'change_session','Can change session');
INSERT INTO auth_permission VALUES(19,5,'delete_session','Can delete session');
INSERT INTO auth_permission VALUES(20,5,'view_session','Can view session');
INSERT INTO auth_permission VALUES(21,6,'add_users','Can add users');
INSERT INTO auth_permission VALUES(22,6,'change_users','Can change users');
INSERT INTO auth_permission VALUES(23,6,'delete_users','Can delete users');
INSERT INTO auth_permission VALUES(24,6,'view_users','Can view users');
INSERT INTO auth_permission VALUES(25,7,'add_anime','Can add anime');
INSERT INTO auth_permission VALUES(26,7,'change_anime','Can change anime');
INSERT INTO auth_permission VALUES(27,7,'delete_anime','Can delete anime');
INSERT INTO auth_permission VALUES(28,7,'view_anime','Can view anime');
INSERT INTO auth_permission VALUES(29,8,'add_artist','Can add artist');
INSERT INTO auth_permission VALUES(30,8,'change_artist','Can change artist');
INSERT INTO auth_permission VALUES(31,8,'delete_artist','Can delete artist');
INSERT INTO auth_permission VALUES(32,8,'view_artist','Can view artist');
INSERT INTO auth_permission VALUES(33,9,'add_genres','Can add genres');
INSERT INTO auth_permission VALUES(34,9,'change_genres','Can change genres');
INSERT INTO auth_permission VALUES(35,9,'delete_genres','Can delete genres');
INSERT INTO auth_permission VALUES(36,9,'view_genres','Can view genres');
INSERT INTO auth_permission VALUES(37,10,'add_seasons','Can add seasons');
INSERT INTO auth_permission VALUES(38,10,'change_seasons','Can change seasons');
INSERT INTO auth_permission VALUES(39,10,'delete_seasons','Can delete seasons');
INSERT INTO auth_permission VALUES(40,10,'view_seasons','Can view seasons');
INSERT INTO auth_permission VALUES(41,11,'add_series','Can add series');
INSERT INTO auth_permission VALUES(42,11,'change_series','Can change series');
INSERT INTO auth_permission VALUES(43,11,'delete_series','Can delete series');
INSERT INTO auth_permission VALUES(44,11,'view_series','Can view series');
INSERT INTO auth_permission VALUES(45,12,'add_studios','Can add studios');
INSERT INTO auth_permission VALUES(46,12,'change_studios','Can change studios');
INSERT INTO auth_permission VALUES(47,12,'delete_studios','Can delete studios');
INSERT INTO auth_permission VALUES(48,12,'view_studios','Can view studios');
INSERT INTO auth_permission VALUES(49,13,'add_tags','Can add tags');
INSERT INTO auth_permission VALUES(50,13,'change_tags','Can change tags');
INSERT INTO auth_permission VALUES(51,13,'delete_tags','Can delete tags');
INSERT INTO auth_permission VALUES(52,13,'view_tags','Can view tags');
INSERT INTO auth_permission VALUES(53,14,'add_voiceactor','Can add voice actor');
INSERT INTO auth_permission VALUES(54,14,'change_voiceactor','Can change voice actor');
INSERT INTO auth_permission VALUES(55,14,'delete_voiceactor','Can delete voice actor');
INSERT INTO auth_permission VALUES(56,14,'view_voiceactor','Can view voice actor');
INSERT INTO auth_permission VALUES(57,15,'add_user_anime_relations','Can add user_anime_relations');
INSERT INTO auth_permission VALUES(58,15,'change_user_anime_relations','Can change user_anime_relations');
INSERT INTO auth_permission VALUES(59,15,'delete_user_anime_relations','Can delete user_anime_relations');
INSERT INTO auth_permission VALUES(60,15,'view_user_anime_relations','Can view user_anime_relations');
INSERT INTO auth_permission VALUES(61,16,'add_song','Can add song');
INSERT INTO auth_permission VALUES(62,16,'change_song','Can change song');
INSERT INTO auth_permission VALUES(63,16,'delete_song','Can delete song');
INSERT INTO auth_permission VALUES(64,16,'view_song','Can view song');
INSERT INTO auth_permission VALUES(65,17,'add_character','Can add character');
INSERT INTO auth_permission VALUES(66,17,'change_character','Can change character');
INSERT INTO auth_permission VALUES(67,17,'delete_character','Can delete character');
INSERT INTO auth_permission VALUES(68,17,'view_character','Can view character');
INSERT INTO auth_permission VALUES(69,18,'add_anime_tags','Can add anime_tags');
INSERT INTO auth_permission VALUES(70,18,'change_anime_tags','Can change anime_tags');
INSERT INTO auth_permission VALUES(71,18,'delete_anime_tags','Can delete anime_tags');
INSERT INTO auth_permission VALUES(72,18,'view_anime_tags','Can view anime_tags');
INSERT INTO auth_permission VALUES(73,19,'add_anime_studio','Can add anime_studio');
INSERT INTO auth_permission VALUES(74,19,'change_anime_studio','Can change anime_studio');
INSERT INTO auth_permission VALUES(75,19,'delete_anime_studio','Can delete anime_studio');
INSERT INTO auth_permission VALUES(76,19,'view_anime_studio','Can view anime_studio');
INSERT INTO auth_permission VALUES(77,20,'add_anime_seasons','Can add anime_seasons');
INSERT INTO auth_permission VALUES(78,20,'change_anime_seasons','Can change anime_seasons');
INSERT INTO auth_permission VALUES(79,20,'delete_anime_seasons','Can delete anime_seasons');
INSERT INTO auth_permission VALUES(80,20,'view_anime_seasons','Can view anime_seasons');
INSERT INTO auth_permission VALUES(81,21,'add_anime_genres','Can add anime_genres');
INSERT INTO auth_permission VALUES(82,21,'change_anime_genres','Can change anime_genres');
INSERT INTO auth_permission VALUES(83,21,'delete_anime_genres','Can delete anime_genres');
INSERT INTO auth_permission VALUES(84,21,'view_anime_genres','Can view anime_genres');
CREATE TABLE IF NOT EXISTS "auth_group" ("id" integer NOT NULL PRIMARY KEY AUTOINCREMENT, "name" varchar(150) NOT NULL UNIQUE);
CREATE TABLE IF NOT EXISTS "anime_tracker_users" ("id" integer NOT NULL PRIMARY KEY AUTOINCREMENT, "password" varchar(128) NOT NULL, "last_login" datetime NULL, "is_superuser" bool NOT NULL, "nickname" varchar(128) NOT NULL, "email" varchar(255) NOT NULL UNIQUE, "is_active" bool NOT NULL, "is_staff" bool NOT NULL, "created_at" datetime NOT NULL, "updated_at" datetime NOT NULL);
INSERT INTO anime_tracker_users VALUES(1,'pbkdf2_sha256$390000$He8maLNE0uOKy3jqyEPdap$C7D/AArn4yN1UEUnRRsofQXHiGBEzwEtlKnunEmnflE=','2025-01-05 08:39:51.251903',1,'admin','admin@mail.com',1,1,'2024-12-30 08:15:43.572345','2024-12-30 08:15:43.572345');
INSERT INTO anime_tracker_users VALUES(2,'pbkdf2_sha256$390000$ZGih4ZoODga1zqqDE9Nxb2$hHzdPvpWseLnmMwBO2YMPyWdVTLFNwTekGfBm/VUTUg=','2025-01-01 08:58:14.212077',0,'ジャイロ','salt.gyro@gmail.com',1,0,'2025-01-01 08:58:06.759284','2025-01-01 08:58:06.759284');
INSERT INTO anime_tracker_users VALUES(3,'pbkdf2_sha256$390000$ZVUzkIpfjBBot40lhK3PvV$AA4AKY59aQOIR+ogvHHcATQfC2YkyhxN1Xn9ClMesQ8=','2025-01-02 07:41:33.093939',0,'Fighter','lingmuguibo8@gmail.com',1,0,'2025-01-02 02:01:59.151191','2025-01-02 06:47:07.372373');
INSERT INTO anime_tracker_users VALUES(4,'pbkdf2_sha256$390000$3HgHyKpCr9ToUmsxbpCiNs$A/H9KL78ov5Q/ZFpMMn36V0RXVzgeI097H5RJyUHyww=','2025-01-04 08:06:08.736292',0,'yahoo1','salt_gyro@yahoo.co.jp',1,0,'2025-01-03 23:21:08.246133','2025-01-04 07:52:40.676749');
CREATE TABLE IF NOT EXISTS "anime_tracker_users_groups" ("id" integer NOT NULL PRIMARY KEY AUTOINCREMENT, "users_id" bigint NOT NULL REFERENCES "anime_tracker_users" ("id") DEFERRABLE INITIALLY DEFERRED, "group_id" integer NOT NULL REFERENCES "auth_group" ("id") DEFERRABLE INITIALLY DEFERRED);
CREATE TABLE IF NOT EXISTS "anime_tracker_users_user_permissions" ("id" integer NOT NULL PRIMARY KEY AUTOINCREMENT, "users_id" bigint NOT NULL REFERENCES "anime_tracker_users" ("id") DEFERRABLE INITIALLY DEFERRED, "permission_id" integer NOT NULL REFERENCES "auth_permission" ("id") DEFERRABLE INITIALLY DEFERRED);
CREATE TABLE IF NOT EXISTS "anime_tracker_artist" ("id" integer NOT NULL PRIMARY KEY AUTOINCREMENT, "name" varchar(255) NOT NULL);
INSERT INTO anime_tracker_artist VALUES(37,'緑黄色社会');
INSERT INTO anime_tracker_artist VALUES(38,'アイナ・ジ・エンド');
INSERT INTO anime_tracker_artist VALUES(39,'Uru');
INSERT INTO anime_tracker_artist VALUES(40,'wacci');
INSERT INTO anime_tracker_artist VALUES(41,'幾田りら');
INSERT INTO anime_tracker_artist VALUES(42,'平井大');
INSERT INTO anime_tracker_artist VALUES(43,'清竜人');
INSERT INTO anime_tracker_artist VALUES(44,'Anly');
INSERT INTO anime_tracker_artist VALUES(45,'BREIMEN');
INSERT INTO anime_tracker_artist VALUES(46,'石崎ひゅーい');
INSERT INTO anime_tracker_artist VALUES(47,'OKAMOTO''S');
CREATE TABLE IF NOT EXISTS "anime_tracker_genres" ("id" integer NOT NULL PRIMARY KEY AUTOINCREMENT, "name" varchar(255) NOT NULL, "created_at" datetime NOT NULL, "updated_at" datetime NOT NULL);
INSERT INTO anime_tracker_genres VALUES(1,'SF/ファンタジー','2024-12-30 08:15:02.452077','2024-12-30 08:15:02.452077');
INSERT INTO anime_tracker_genres VALUES(2,'ロボット/メカ','2024-12-30 08:15:02.768949','2024-12-30 08:15:02.768949');
INSERT INTO anime_tracker_genres VALUES(3,'アクション/バトル','2024-12-30 08:15:03.087117','2024-12-30 08:15:03.087117');
INSERT INTO anime_tracker_genres VALUES(4,'コメディ/ギャグ','2024-12-30 08:15:03.405615','2024-12-30 08:15:03.405615');
INSERT INTO anime_tracker_genres VALUES(5,'恋愛/ラブコメ','2024-12-30 08:15:03.800800','2024-12-30 08:15:03.800800');
INSERT INTO anime_tracker_genres VALUES(6,'日常/ほのぼの','2024-12-30 08:15:04.120102','2024-12-30 08:15:04.120102');
INSERT INTO anime_tracker_genres VALUES(7,'スポーツ/競技','2024-12-30 08:15:04.437528','2024-12-30 08:15:04.437528');
INSERT INTO anime_tracker_genres VALUES(8,'ホラー/サスペンス/推理','2024-12-30 08:15:04.756921','2024-12-30 08:15:04.756921');
INSERT INTO anime_tracker_genres VALUES(9,'歴史/戦記','2024-12-30 08:15:05.172703','2024-12-30 08:15:05.172703');
INSERT INTO anime_tracker_genres VALUES(10,'戦争/ミリタリー','2024-12-30 08:15:05.493559','2024-12-30 08:15:05.493559');
INSERT INTO anime_tracker_genres VALUES(11,'ドラマ／青春','2024-12-30 08:15:05.810812','2024-12-30 08:15:05.810812');
INSERT INTO anime_tracker_genres VALUES(12,'ショート','2024-12-30 08:15:06.174743','2024-12-30 08:15:06.174743');
CREATE TABLE IF NOT EXISTS "anime_tracker_seasons" ("id" integer NOT NULL PRIMARY KEY AUTOINCREMENT, "year" integer NOT NULL, "season" integer NOT NULL, "created_at" datetime NOT NULL, "updated_at" datetime NOT NULL);
INSERT INTO anime_tracker_seasons VALUES(1,2003,0,'2024-12-30 08:14:33.712687','2024-12-30 08:14:33.712687');
INSERT INTO anime_tracker_seasons VALUES(2,2003,1,'2024-12-30 08:14:34.065238','2024-12-30 08:14:34.065238');
INSERT INTO anime_tracker_seasons VALUES(3,2003,2,'2024-12-30 08:14:34.382242','2024-12-30 08:14:34.382242');
INSERT INTO anime_tracker_seasons VALUES(4,2003,3,'2024-12-30 08:14:34.689484','2024-12-30 08:14:34.689484');
INSERT INTO anime_tracker_seasons VALUES(5,2004,0,'2024-12-30 08:14:35.007825','2024-12-30 08:14:35.007825');
INSERT INTO anime_tracker_seasons VALUES(6,2004,1,'2024-12-30 08:14:35.199107','2024-12-30 08:14:35.199107');
INSERT INTO anime_tracker_seasons VALUES(7,2004,2,'2024-12-30 08:14:35.380026','2024-12-30 08:14:35.380026');
INSERT INTO anime_tracker_seasons VALUES(8,2004,3,'2024-12-30 08:14:35.686574','2024-12-30 08:14:35.686574');
INSERT INTO anime_tracker_seasons VALUES(9,2005,0,'2024-12-30 08:14:35.994190','2024-12-30 08:14:35.995194');
INSERT INTO anime_tracker_seasons VALUES(10,2005,1,'2024-12-30 08:14:36.312115','2024-12-30 08:14:36.312115');
INSERT INTO anime_tracker_seasons VALUES(11,2005,2,'2024-12-30 08:14:36.630438','2024-12-30 08:14:36.630438');
INSERT INTO anime_tracker_seasons VALUES(12,2005,3,'2024-12-30 08:14:36.949693','2024-12-30 08:14:36.949693');
INSERT INTO anime_tracker_seasons VALUES(13,2006,0,'2024-12-30 08:14:37.323814','2024-12-30 08:14:37.323814');
INSERT INTO anime_tracker_seasons VALUES(14,2006,1,'2024-12-30 08:14:37.674545','2024-12-30 08:14:37.674545');
INSERT INTO anime_tracker_seasons VALUES(15,2006,2,'2024-12-30 08:14:38.026203','2024-12-30 08:14:38.027183');
INSERT INTO anime_tracker_seasons VALUES(16,2006,3,'2024-12-30 08:14:38.378426','2024-12-30 08:14:38.378426');
INSERT INTO anime_tracker_seasons VALUES(17,2007,0,'2024-12-30 08:14:38.729513','2024-12-30 08:14:38.729513');
INSERT INTO anime_tracker_seasons VALUES(18,2007,1,'2024-12-30 08:14:39.069402','2024-12-30 08:14:39.069402');
INSERT INTO anime_tracker_seasons VALUES(19,2007,2,'2024-12-30 08:14:39.487995','2024-12-30 08:14:39.487995');
INSERT INTO anime_tracker_seasons VALUES(20,2007,3,'2024-12-30 08:14:39.895961','2024-12-30 08:14:39.895961');
INSERT INTO anime_tracker_seasons VALUES(21,2008,0,'2024-12-30 08:14:40.258335','2024-12-30 08:14:40.259332');
INSERT INTO anime_tracker_seasons VALUES(22,2008,1,'2024-12-30 08:14:40.632513','2024-12-30 08:14:40.632513');
INSERT INTO anime_tracker_seasons VALUES(23,2008,2,'2024-12-30 08:14:40.984138','2024-12-30 08:14:40.984138');
INSERT INTO anime_tracker_seasons VALUES(24,2008,3,'2024-12-30 08:14:41.336257','2024-12-30 08:14:41.336257');
INSERT INTO anime_tracker_seasons VALUES(25,2009,0,'2024-12-30 08:14:41.687536','2024-12-30 08:14:41.688536');
INSERT INTO anime_tracker_seasons VALUES(26,2009,1,'2024-12-30 08:14:42.039272','2024-12-30 08:14:42.039272');
INSERT INTO anime_tracker_seasons VALUES(27,2009,2,'2024-12-30 08:14:42.390886','2024-12-30 08:14:42.391887');
INSERT INTO anime_tracker_seasons VALUES(28,2009,3,'2024-12-30 08:14:42.743323','2024-12-30 08:14:42.743323');
INSERT INTO anime_tracker_seasons VALUES(29,2010,0,'2024-12-30 08:14:43.193314','2024-12-30 08:14:43.193314');
INSERT INTO anime_tracker_seasons VALUES(30,2010,1,'2024-12-30 08:14:43.512634','2024-12-30 08:14:43.512634');
INSERT INTO anime_tracker_seasons VALUES(31,2010,2,'2024-12-30 08:14:43.831369','2024-12-30 08:14:43.831369');
INSERT INTO anime_tracker_seasons VALUES(32,2010,3,'2024-12-30 08:14:44.148453','2024-12-30 08:14:44.148453');
INSERT INTO anime_tracker_seasons VALUES(33,2011,0,'2024-12-30 08:14:44.340100','2024-12-30 08:14:44.340100');
INSERT INTO anime_tracker_seasons VALUES(34,2011,1,'2024-12-30 08:14:44.588904','2024-12-30 08:14:44.588904');
INSERT INTO anime_tracker_seasons VALUES(35,2011,2,'2024-12-30 08:14:44.907514','2024-12-30 08:14:44.907514');
INSERT INTO anime_tracker_seasons VALUES(36,2011,3,'2024-12-30 08:14:45.295108','2024-12-30 08:14:45.295108');
INSERT INTO anime_tracker_seasons VALUES(37,2012,0,'2024-12-30 08:14:45.612190','2024-12-30 08:14:45.612190');
INSERT INTO anime_tracker_seasons VALUES(38,2012,1,'2024-12-30 08:14:45.930528','2024-12-30 08:14:45.930528');
INSERT INTO anime_tracker_seasons VALUES(39,2012,2,'2024-12-30 08:14:46.271278','2024-12-30 08:14:46.271278');
INSERT INTO anime_tracker_seasons VALUES(40,2012,3,'2024-12-30 08:14:46.689374','2024-12-30 08:14:46.689374');
INSERT INTO anime_tracker_seasons VALUES(41,2013,0,'2024-12-30 08:14:47.040948','2024-12-30 08:14:47.040948');
INSERT INTO anime_tracker_seasons VALUES(42,2013,1,'2024-12-30 08:14:47.359310','2024-12-30 08:14:47.360313');
INSERT INTO anime_tracker_seasons VALUES(43,2013,2,'2024-12-30 08:14:47.677818','2024-12-30 08:14:47.677818');
INSERT INTO anime_tracker_seasons VALUES(44,2013,3,'2024-12-30 08:14:47.996506','2024-12-30 08:14:47.996506');
INSERT INTO anime_tracker_seasons VALUES(45,2014,0,'2024-12-30 08:14:48.314455','2024-12-30 08:14:48.315481');
INSERT INTO anime_tracker_seasons VALUES(46,2014,1,'2024-12-30 08:14:48.681939','2024-12-30 08:14:48.681939');
INSERT INTO anime_tracker_seasons VALUES(47,2014,2,'2024-12-30 08:14:49.028821','2024-12-30 08:14:49.029830');
INSERT INTO anime_tracker_seasons VALUES(48,2014,3,'2024-12-30 08:14:49.347320','2024-12-30 08:14:49.347320');
INSERT INTO anime_tracker_seasons VALUES(49,2015,0,'2024-12-30 08:14:49.665177','2024-12-30 08:14:49.665177');
INSERT INTO anime_tracker_seasons VALUES(50,2015,1,'2024-12-30 08:14:49.972817','2024-12-30 08:14:49.972817');
INSERT INTO anime_tracker_seasons VALUES(51,2015,2,'2024-12-30 08:14:50.291733','2024-12-30 08:14:50.291733');
INSERT INTO anime_tracker_seasons VALUES(52,2015,3,'2024-12-30 08:14:50.632401','2024-12-30 08:14:50.632401');
INSERT INTO anime_tracker_seasons VALUES(53,2016,0,'2024-12-30 08:14:50.949702','2024-12-30 08:14:50.949702');
INSERT INTO anime_tracker_seasons VALUES(54,2016,1,'2024-12-30 08:14:51.268075','2024-12-30 08:14:51.268075');
INSERT INTO anime_tracker_seasons VALUES(55,2016,2,'2024-12-30 08:14:51.575262','2024-12-30 08:14:51.575262');
INSERT INTO anime_tracker_seasons VALUES(56,2016,3,'2024-12-30 08:14:51.882394','2024-12-30 08:14:51.882394');
INSERT INTO anime_tracker_seasons VALUES(57,2017,0,'2024-12-30 08:14:52.201721','2024-12-30 08:14:52.201721');
INSERT INTO anime_tracker_seasons VALUES(58,2017,1,'2024-12-30 08:14:52.520242','2024-12-30 08:14:52.520242');
INSERT INTO anime_tracker_seasons VALUES(59,2017,2,'2024-12-30 08:14:52.837219','2024-12-30 08:14:52.837219');
INSERT INTO anime_tracker_seasons VALUES(60,2017,3,'2024-12-30 08:14:53.155800','2024-12-30 08:14:53.155800');
INSERT INTO anime_tracker_seasons VALUES(61,2018,0,'2024-12-30 08:14:53.474672','2024-12-30 08:14:53.474672');
INSERT INTO anime_tracker_seasons VALUES(62,2018,1,'2024-12-30 08:14:53.792452','2024-12-30 08:14:53.792452');
INSERT INTO anime_tracker_seasons VALUES(63,2018,2,'2024-12-30 08:14:54.326435','2024-12-30 08:14:54.326435');
INSERT INTO anime_tracker_seasons VALUES(64,2018,3,'2024-12-30 08:14:54.642362','2024-12-30 08:14:54.643365');
INSERT INTO anime_tracker_seasons VALUES(65,2019,0,'2024-12-30 08:14:54.962042','2024-12-30 08:14:54.962042');
INSERT INTO anime_tracker_seasons VALUES(66,2019,1,'2024-12-30 08:14:55.140946','2024-12-30 08:14:55.140946');
INSERT INTO anime_tracker_seasons VALUES(67,2019,2,'2024-12-30 08:14:55.412264','2024-12-30 08:14:55.412264');
INSERT INTO anime_tracker_seasons VALUES(68,2019,3,'2024-12-30 08:14:55.719600','2024-12-30 08:14:55.719600');
INSERT INTO anime_tracker_seasons VALUES(69,2020,0,'2024-12-30 08:14:56.026777','2024-12-30 08:14:56.027755');
INSERT INTO anime_tracker_seasons VALUES(70,2020,1,'2024-12-30 08:14:56.345132','2024-12-30 08:14:56.345132');
INSERT INTO anime_tracker_seasons VALUES(71,2020,2,'2024-12-30 08:14:56.663662','2024-12-30 08:14:56.663662');
INSERT INTO anime_tracker_seasons VALUES(72,2020,3,'2024-12-30 08:14:56.981756','2024-12-30 08:14:56.981756');
INSERT INTO anime_tracker_seasons VALUES(73,2021,0,'2024-12-30 08:14:57.300181','2024-12-30 08:14:57.300181');
INSERT INTO anime_tracker_seasons VALUES(74,2021,1,'2024-12-30 08:14:57.607250','2024-12-30 08:14:57.607250');
INSERT INTO anime_tracker_seasons VALUES(75,2021,2,'2024-12-30 08:14:57.938085','2024-12-30 08:14:57.938085');
INSERT INTO anime_tracker_seasons VALUES(76,2021,3,'2024-12-30 08:14:58.255029','2024-12-30 08:14:58.255029');
INSERT INTO anime_tracker_seasons VALUES(77,2022,0,'2024-12-30 08:14:58.574191','2024-12-30 08:14:58.574191');
INSERT INTO anime_tracker_seasons VALUES(78,2022,1,'2024-12-30 08:14:58.892325','2024-12-30 08:14:58.892325');
INSERT INTO anime_tracker_seasons VALUES(79,2022,2,'2024-12-30 08:14:59.209929','2024-12-30 08:14:59.209929');
INSERT INTO anime_tracker_seasons VALUES(80,2022,3,'2024-12-30 08:14:59.583834','2024-12-30 08:14:59.583834');
INSERT INTO anime_tracker_seasons VALUES(81,2023,0,'2024-12-30 08:14:59.902447','2024-12-30 08:14:59.903428');
INSERT INTO anime_tracker_seasons VALUES(82,2023,1,'2024-12-30 08:15:00.242501','2024-12-30 08:15:00.242501');
INSERT INTO anime_tracker_seasons VALUES(83,2023,2,'2024-12-30 08:15:00.549900','2024-12-30 08:15:00.549900');
INSERT INTO anime_tracker_seasons VALUES(84,2023,3,'2024-12-30 08:15:00.869764','2024-12-30 08:15:00.869764');
INSERT INTO anime_tracker_seasons VALUES(85,2024,0,'2024-12-30 08:15:01.186429','2024-12-30 08:15:01.186429');
INSERT INTO anime_tracker_seasons VALUES(86,2024,1,'2024-12-30 08:15:01.493739','2024-12-30 08:15:01.493739');
INSERT INTO anime_tracker_seasons VALUES(87,2024,2,'2024-12-30 08:15:01.812243','2024-12-30 08:15:01.812243');
INSERT INTO anime_tracker_seasons VALUES(88,2024,3,'2024-12-30 08:15:02.131216','2024-12-30 08:15:02.131216');
INSERT INTO anime_tracker_seasons VALUES(89,2025,0,'2025-01-05 08:40:16.594237','2025-01-05 08:40:16.594237');
CREATE TABLE IF NOT EXISTS "anime_tracker_series" ("id" integer NOT NULL PRIMARY KEY AUTOINCREMENT, "title" varchar(255) NOT NULL);
INSERT INTO anime_tracker_series VALUES(1,'SPY×FAMILY');
INSERT INTO anime_tracker_series VALUES(2,'鬼滅の刃');
INSERT INTO anime_tracker_series VALUES(3,'僕のヒーローアカデミア');
INSERT INTO anime_tracker_series VALUES(4,'ダンダダン');
INSERT INTO anime_tracker_series VALUES(5,'BLEACH');
INSERT INTO anime_tracker_series VALUES(6,'俺だけレベルアップ件');
INSERT INTO anime_tracker_series VALUES(7,'薬屋のひとりごと');
INSERT INTO anime_tracker_series VALUES(8,'Sakamoto Days');
INSERT INTO anime_tracker_series VALUES(9,'Dr.STONE');
INSERT INTO anime_tracker_series VALUES(10,'わたしの幸せな結婚');
INSERT INTO anime_tracker_series VALUES(11,'君のことが大大大大大好きな100人の彼女');
INSERT INTO anime_tracker_series VALUES(12,'天久鷹央の推理カルテ');
INSERT INTO anime_tracker_series VALUES(13,'カードファイト!! ヴァンガード');
CREATE TABLE IF NOT EXISTS "anime_tracker_studios" ("id" integer NOT NULL PRIMARY KEY AUTOINCREMENT, "name" varchar(255) NOT NULL, "created_at" datetime NOT NULL, "updated_at" datetime NOT NULL);
INSERT INTO anime_tracker_studios VALUES(1,'CloverWorks','2024-12-30 08:21:27.611577','2024-12-30 08:21:27.611577');
INSERT INTO anime_tracker_studios VALUES(2,'WIT STUDIO','2024-12-30 08:21:40.072241','2024-12-30 08:21:40.072241');
INSERT INTO anime_tracker_studios VALUES(3,'ufotable','2024-12-30 08:38:45.094126','2024-12-30 08:38:45.094126');
INSERT INTO anime_tracker_studios VALUES(4,'ボンズ','2024-12-30 09:02:02.124607','2024-12-30 09:02:02.124607');
INSERT INTO anime_tracker_studios VALUES(5,'サイエンスSARU','2024-12-30 09:40:54.742514','2024-12-30 09:40:54.742514');
INSERT INTO anime_tracker_studios VALUES(6,'ぴえろ','2024-12-30 11:23:02.677593','2024-12-30 11:23:02.677593');
INSERT INTO anime_tracker_studios VALUES(7,'ピエロフィルム','2024-12-30 11:35:25.968587','2024-12-30 11:35:25.968587');
INSERT INTO anime_tracker_studios VALUES(8,'A-1 Pictures','2025-01-05 08:58:51.778014','2025-01-05 08:58:51.778014');
INSERT INTO anime_tracker_studios VALUES(9,'TOHO animation STUDIO','2025-01-05 09:10:24.145578','2025-01-05 09:10:24.145578');
INSERT INTO anime_tracker_studios VALUES(10,'OLM','2025-01-05 09:10:32.312514','2025-01-05 09:10:32.312514');
INSERT INTO anime_tracker_studios VALUES(11,'TMSエンタテインメント','2025-01-05 09:20:31.550920','2025-01-05 09:23:39.041715');
INSERT INTO anime_tracker_studios VALUES(12,'キネマシトラス','2025-01-05 09:47:45.479070','2025-01-05 09:47:45.479070');
INSERT INTO anime_tracker_studios VALUES(13,'バイブリーアニメーションスタジオ','2025-01-05 09:51:43.656081','2025-01-05 09:51:43.656081');
INSERT INTO anime_tracker_studios VALUES(14,'project No.9','2025-01-05 09:55:54.024278','2025-01-05 09:55:54.024278');
CREATE TABLE IF NOT EXISTS "anime_tracker_tags" ("id" integer NOT NULL PRIMARY KEY AUTOINCREMENT, "name" varchar(255) NOT NULL, "created_at" datetime NOT NULL, "updated_at" datetime NOT NULL);
INSERT INTO anime_tracker_tags VALUES(1,'泣ける','2024-12-30 08:15:06.410903','2024-12-30 08:15:06.410903');
INSERT INTO anime_tracker_tags VALUES(2,'心温まる','2024-12-30 08:15:06.682698','2024-12-30 08:15:06.682698');
INSERT INTO anime_tracker_tags VALUES(3,'家族愛','2024-12-30 08:15:07.077553','2024-12-30 08:15:07.078549');
INSERT INTO anime_tracker_tags VALUES(4,'鬱展開','2024-12-30 08:15:07.396131','2024-12-30 08:15:07.396131');
INSERT INTO anime_tracker_tags VALUES(5,'暇つぶし','2024-12-30 08:15:07.714479','2024-12-30 08:15:07.714479');
INSERT INTO anime_tracker_tags VALUES(6,'神作画','2024-12-30 08:15:08.032945','2024-12-30 08:15:08.032945');
INSERT INTO anime_tracker_tags VALUES(7,'悲劇的結末','2024-12-30 08:15:08.406830','2024-12-30 08:15:08.406830');
INSERT INTO anime_tracker_tags VALUES(8,'どんでん返し','2024-12-30 08:15:08.757207','2024-12-30 08:15:08.757207');
INSERT INTO anime_tracker_tags VALUES(9,'笑える','2024-12-30 08:15:09.098172','2024-12-30 08:15:09.099171');
INSERT INTO anime_tracker_tags VALUES(10,'衝撃的な展開','2024-12-30 08:15:09.417062','2024-12-30 08:15:09.417062');
INSERT INTO anime_tracker_tags VALUES(11,'タイムリープ','2024-12-30 08:15:09.735598','2024-12-30 08:15:09.735598');
INSERT INTO anime_tracker_tags VALUES(12,'異世界転生','2024-12-30 08:15:10.052486','2024-12-30 08:15:10.052486');
INSERT INTO anime_tracker_tags VALUES(13,'復讐','2024-12-30 08:15:10.372202','2024-12-30 08:15:10.372202');
INSERT INTO anime_tracker_tags VALUES(14,'デスゲーム','2024-12-30 08:15:10.738499','2024-12-30 08:15:10.738499');
INSERT INTO anime_tracker_tags VALUES(15,'成長物語','2024-12-30 08:15:11.108465','2024-12-30 08:15:11.108465');
INSERT INTO anime_tracker_tags VALUES(16,'音楽が魅力的','2024-12-30 08:15:11.514002','2024-12-30 08:15:11.514002');
CREATE TABLE IF NOT EXISTS "anime_tracker_voiceactor" ("id" integer NOT NULL PRIMARY KEY AUTOINCREMENT, "name" varchar(255) NOT NULL);
INSERT INTO anime_tracker_voiceactor VALUES(17,'悠木碧');
INSERT INTO anime_tracker_voiceactor VALUES(18,'大塚剛央');
INSERT INTO anime_tracker_voiceactor VALUES(19,'小林裕介');
INSERT INTO anime_tracker_voiceactor VALUES(20,'古川慎');
INSERT INTO anime_tracker_voiceactor VALUES(21,'市ノ瀬加那');
INSERT INTO anime_tracker_voiceactor VALUES(22,'河西健吾');
INSERT INTO anime_tracker_voiceactor VALUES(23,'沼倉愛美');
INSERT INTO anime_tracker_voiceactor VALUES(24,'佐藤元');
CREATE TABLE IF NOT EXISTS "anime_tracker_user_anime_relations" ("id" integer NOT NULL PRIMARY KEY AUTOINCREMENT, "is_favorite" bool NOT NULL, "status" integer NOT NULL, "rating" real NOT NULL, "created_at" datetime NOT NULL, "updated_at" datetime NOT NULL, "anime_id_id" bigint NULL REFERENCES "anime_tracker_anime" ("id") DEFERRABLE INITIALLY DEFERRED, "user_id_id" bigint NULL REFERENCES "anime_tracker_users" ("id") DEFERRABLE INITIALLY DEFERRED);
CREATE TABLE IF NOT EXISTS "anime_tracker_song" ("id" integer NOT NULL PRIMARY KEY AUTOINCREMENT, "title" varchar(255) NOT NULL, "song_type" integer NOT NULL, "note" varchar(255) NULL, "artist_id" bigint NULL REFERENCES "anime_tracker_artist" ("id") DEFERRABLE INITIALLY DEFERRED);
INSERT INTO anime_tracker_song VALUES(1,'ミックスナッツ',0,NULL,1);
INSERT INTO anime_tracker_song VALUES(2,'喜劇',1,NULL,2);
INSERT INTO anime_tracker_song VALUES(3,'SOUVENIR',0,NULL,3);
INSERT INTO anime_tracker_song VALUES(4,'色彩',1,NULL,4);
INSERT INTO anime_tracker_song VALUES(5,'クラクラ',0,NULL,5);
INSERT INTO anime_tracker_song VALUES(6,'トドメの一撃',1,NULL,6);
INSERT INTO anime_tracker_song VALUES(7,'紅蓮華',0,NULL,7);
INSERT INTO anime_tracker_song VALUES(8,'from the edge',1,NULL,7);
INSERT INTO anime_tracker_song VALUES(9,'炎',1,NULL,7);
INSERT INTO anime_tracker_song VALUES(10,'残響残歌',0,NULL,8);
INSERT INTO anime_tracker_song VALUES(11,'朝が来る',1,NULL,8);
INSERT INTO anime_tracker_song VALUES(12,'絆の奇跡',0,NULL,9);
INSERT INTO anime_tracker_song VALUES(13,'恋コガレ',0,NULL,9);
INSERT INTO anime_tracker_song VALUES(14,'夢幻',0,NULL,11);
INSERT INTO anime_tracker_song VALUES(15,'永久 -トコシエ-',1,NULL,12);
INSERT INTO anime_tracker_song VALUES(16,'The Day',0,NULL,13);
INSERT INTO anime_tracker_song VALUES(17,'HEROES',0,NULL,14);
INSERT INTO anime_tracker_song VALUES(18,'ピースサイン',0,NULL,15);
INSERT INTO anime_tracker_song VALUES(19,'空に歌えば',0,NULL,16);
INSERT INTO anime_tracker_song VALUES(20,'だから、ひとりじゃない',1,NULL,17);
INSERT INTO anime_tracker_song VALUES(21,'だってアタシのヒーロー。',1,NULL,7);
INSERT INTO anime_tracker_song VALUES(22,'ODD FUTURE',0,NULL,18);
INSERT INTO anime_tracker_song VALUES(23,'Make my story',0,NULL,19);
INSERT INTO anime_tracker_song VALUES(24,'アップデート',1,NULL,20);
INSERT INTO anime_tracker_song VALUES(25,'ロングホープ・フィリア',1,NULL,21);
INSERT INTO anime_tracker_song VALUES(26,'ポラリス',0,NULL,22);
INSERT INTO anime_tracker_song VALUES(27,'スターマーカー',0,NULL,23);
INSERT INTO anime_tracker_song VALUES(28,'航海の唄',0,NULL,24);
INSERT INTO anime_tracker_song VALUES(29,'Shout Baby',0,NULL,25);
INSERT INTO anime_tracker_song VALUES(30,'オトノケ',0,NULL,26);
INSERT INTO anime_tracker_song VALUES(31,'TAIDADA',1,NULL,27);
INSERT INTO anime_tracker_song VALUES(32,'*Asterisk (*～アスタリスク～)',0,NULL,28);
INSERT INTO anime_tracker_song VALUES(33,'D-tecnolife',0,NULL,18);
INSERT INTO anime_tracker_song VALUES(34,'一輪の花',0,NULL,29);
INSERT INTO anime_tracker_song VALUES(35,'Tonight, Tonight, Tonight',0,NULL,30);
INSERT INTO anime_tracker_song VALUES(36,'ローリングスター',0,NULL,31);
INSERT INTO anime_tracker_song VALUES(37,'ALONES',0,NULL,32);
INSERT INTO anime_tracker_song VALUES(38,'アフターダーク',0,NULL,33);
INSERT INTO anime_tracker_song VALUES(39,'CHU-BURA',0,NULL,34);
INSERT INTO anime_tracker_song VALUES(40,'言葉にしなくても',0,NULL,35);
INSERT INTO anime_tracker_song VALUES(41,'MONOCHROME',1,NULL,36);
INSERT INTO anime_tracker_song VALUES(42,'花になって',0,NULL,37);
INSERT INTO anime_tracker_song VALUES(43,'アイコトバ',1,NULL,38);
INSERT INTO anime_tracker_song VALUES(44,'アンビバレント',0,NULL,39);
INSERT INTO anime_tracker_song VALUES(45,'愛は薬',1,NULL,40);
INSERT INTO anime_tracker_song VALUES(46,'百花繚乱',0,NULL,41);
INSERT INTO anime_tracker_song VALUES(47,'幸せのレシピ',1,NULL,42);
INSERT INTO anime_tracker_song VALUES(48,'遥か',0,NULL,43);
INSERT INTO anime_tracker_song VALUES(49,'好きにしなよ',1,NULL,44);
INSERT INTO anime_tracker_song VALUES(50,'Rolling Stone',0,NULL,45);
INSERT INTO anime_tracker_song VALUES(51,'ワスレガタキ',0,NULL,46);
INSERT INTO anime_tracker_song VALUES(52,'Where Do We Go?',1,NULL,47);
CREATE TABLE IF NOT EXISTS "anime_tracker_character" ("id" integer NOT NULL PRIMARY KEY AUTOINCREMENT, "name" varchar(255) NOT NULL, "anime_id_id" bigint NULL REFERENCES "anime_tracker_anime" ("id") DEFERRABLE INITIALLY DEFERRED, "voice_actor_id" bigint NULL REFERENCES "anime_tracker_voiceactor" ("id") DEFERRABLE INITIALLY DEFERRED);
INSERT INTO anime_tracker_character VALUES(46,'猫猫',21,17);
INSERT INTO anime_tracker_character VALUES(47,'壬氏',21,18);
INSERT INTO anime_tracker_character VALUES(48,'猫猫',20,17);
INSERT INTO anime_tracker_character VALUES(49,'壬氏',20,18);
INSERT INTO anime_tracker_character VALUES(50,'石神 千空',24,19);
INSERT INTO anime_tracker_character VALUES(51,'大木 大樹',24,20);
INSERT INTO anime_tracker_character VALUES(52,'小川 杠',24,21);
INSERT INTO anime_tracker_character VALUES(53,'浅霧 幻',24,22);
INSERT INTO anime_tracker_character VALUES(54,'コハク',24,23);
INSERT INTO anime_tracker_character VALUES(55,'クロム',24,24);
INSERT INTO anime_tracker_character VALUES(56,'石神 千空',23,19);
INSERT INTO anime_tracker_character VALUES(57,'大木 大樹',23,20);
INSERT INTO anime_tracker_character VALUES(58,'小川 杠',23,21);
INSERT INTO anime_tracker_character VALUES(59,'浅霧 幻',23,22);
INSERT INTO anime_tracker_character VALUES(60,'石神 千空',25,19);
INSERT INTO anime_tracker_character VALUES(61,'大木 大樹',25,20);
CREATE TABLE IF NOT EXISTS "anime_tracker_anime_tags" ("id" integer NOT NULL PRIMARY KEY AUTOINCREMENT, "created_at" datetime NOT NULL, "updated_at" datetime NOT NULL, "anime_id_id" bigint NULL REFERENCES "anime_tracker_anime" ("id") DEFERRABLE INITIALLY DEFERRED, "tag_id_id" bigint NULL REFERENCES "anime_tracker_tags" ("id") DEFERRABLE INITIALLY DEFERRED);
INSERT INTO anime_tracker_anime_tags VALUES(1,'2024-12-30 08:18:31.453185','2024-12-30 08:18:31.453185',1,3);
INSERT INTO anime_tracker_anime_tags VALUES(2,'2024-12-30 08:25:17.670878','2024-12-30 08:25:17.670878',2,3);
INSERT INTO anime_tracker_anime_tags VALUES(3,'2024-12-30 08:30:15.705473','2024-12-30 08:30:15.705473',3,3);
INSERT INTO anime_tracker_anime_tags VALUES(4,'2024-12-30 08:38:52.498017','2024-12-30 08:38:52.498017',4,1);
INSERT INTO anime_tracker_anime_tags VALUES(5,'2024-12-30 08:38:52.499017','2024-12-30 08:38:52.499017',4,6);
INSERT INTO anime_tracker_anime_tags VALUES(6,'2024-12-30 08:46:12.658224','2024-12-30 08:46:12.658224',6,6);
INSERT INTO anime_tracker_anime_tags VALUES(7,'2024-12-30 08:49:51.171269','2024-12-30 08:49:51.171269',7,1);
INSERT INTO anime_tracker_anime_tags VALUES(8,'2024-12-30 08:49:51.172269','2024-12-30 08:49:51.172269',7,3);
INSERT INTO anime_tracker_anime_tags VALUES(9,'2024-12-30 08:54:53.389410','2024-12-30 08:54:53.389410',8,6);
INSERT INTO anime_tracker_anime_tags VALUES(10,'2024-12-30 09:02:04.204290','2024-12-30 09:02:04.204290',9,6);
INSERT INTO anime_tracker_anime_tags VALUES(11,'2024-12-30 09:11:53.435925','2024-12-30 09:11:53.435925',11,6);
INSERT INTO anime_tracker_anime_tags VALUES(12,'2024-12-30 09:18:37.029502','2024-12-30 09:18:37.029502',12,1);
INSERT INTO anime_tracker_anime_tags VALUES(13,'2024-12-30 09:41:59.188641','2024-12-30 09:41:59.188641',13,6);
INSERT INTO anime_tracker_anime_tags VALUES(14,'2024-12-30 09:41:59.189688','2024-12-30 09:41:59.189688',13,1);
INSERT INTO anime_tracker_anime_tags VALUES(15,'2024-12-30 09:41:59.190687','2024-12-30 09:41:59.190687',13,9);
CREATE TABLE IF NOT EXISTS "anime_tracker_anime_studio" ("id" integer NOT NULL PRIMARY KEY AUTOINCREMENT, "created_at" datetime NOT NULL, "updated_at" datetime NOT NULL, "anime_id_id" bigint NULL REFERENCES "anime_tracker_anime" ("id") DEFERRABLE INITIALLY DEFERRED, "studio_id_id" bigint NULL REFERENCES "anime_tracker_studios" ("id") DEFERRABLE INITIALLY DEFERRED);
INSERT INTO anime_tracker_anime_studio VALUES(1,'2024-12-30 08:21:48.265174','2024-12-30 08:21:48.265174',1,1);
INSERT INTO anime_tracker_anime_studio VALUES(2,'2024-12-30 08:21:48.266176','2024-12-30 08:21:48.266176',1,2);
INSERT INTO anime_tracker_anime_studio VALUES(3,'2024-12-30 08:25:17.674876','2024-12-30 08:25:17.674876',2,1);
INSERT INTO anime_tracker_anime_studio VALUES(4,'2024-12-30 08:25:17.675876','2024-12-30 08:25:17.675876',2,2);
INSERT INTO anime_tracker_anime_studio VALUES(5,'2024-12-30 08:30:15.709473','2024-12-30 08:30:15.709473',3,1);
INSERT INTO anime_tracker_anime_studio VALUES(6,'2024-12-30 08:30:15.710473','2024-12-30 08:30:15.710473',3,2);
INSERT INTO anime_tracker_anime_studio VALUES(7,'2024-12-30 08:38:52.504020','2024-12-30 08:38:52.504020',4,3);
INSERT INTO anime_tracker_anime_studio VALUES(8,'2024-12-30 08:42:55.182087','2024-12-30 08:42:55.182087',5,3);
INSERT INTO anime_tracker_anime_studio VALUES(9,'2024-12-30 08:46:12.663225','2024-12-30 08:46:12.663225',6,3);
INSERT INTO anime_tracker_anime_studio VALUES(10,'2024-12-30 08:49:51.175272','2024-12-30 08:49:51.175272',7,3);
INSERT INTO anime_tracker_anime_studio VALUES(11,'2024-12-30 08:54:53.417741','2024-12-30 08:54:53.417741',8,3);
INSERT INTO anime_tracker_anime_studio VALUES(12,'2024-12-30 09:02:04.209292','2024-12-30 09:02:04.209292',9,4);
INSERT INTO anime_tracker_anime_studio VALUES(13,'2024-12-30 09:06:50.061361','2024-12-30 09:06:50.061361',10,4);
INSERT INTO anime_tracker_anime_studio VALUES(14,'2024-12-30 09:11:53.440926','2024-12-30 09:11:53.441924',11,4);
INSERT INTO anime_tracker_anime_studio VALUES(15,'2024-12-30 09:18:37.032501','2024-12-30 09:18:37.032501',12,4);
INSERT INTO anime_tracker_anime_studio VALUES(16,'2024-12-30 09:40:56.557078','2024-12-30 09:40:56.557078',13,5);
INSERT INTO anime_tracker_anime_studio VALUES(17,'2024-12-30 11:27:08.186142','2024-12-30 11:27:08.186142',14,6);
INSERT INTO anime_tracker_anime_studio VALUES(18,'2024-12-30 11:30:42.245402','2024-12-30 11:30:42.245402',15,6);
INSERT INTO anime_tracker_anime_studio VALUES(19,'2024-12-30 11:32:46.668634','2024-12-30 11:32:46.668634',16,6);
INSERT INTO anime_tracker_anime_studio VALUES(20,'2024-12-30 11:35:27.889528','2024-12-30 11:35:27.889528',17,7);
INSERT INTO anime_tracker_anime_studio VALUES(21,'2025-01-05 09:04:45.096977','2025-01-05 09:04:45.096977',18,8);
INSERT INTO anime_tracker_anime_studio VALUES(22,'2025-01-05 09:07:37.568506','2025-01-05 09:07:37.568506',19,8);
INSERT INTO anime_tracker_anime_studio VALUES(23,'2025-01-05 09:10:43.287383','2025-01-05 09:10:43.287383',20,9);
INSERT INTO anime_tracker_anime_studio VALUES(24,'2025-01-05 09:10:43.289386','2025-01-05 09:10:43.289386',20,10);
INSERT INTO anime_tracker_anime_studio VALUES(25,'2025-01-05 09:13:19.340570','2025-01-05 09:13:19.340570',21,9);
INSERT INTO anime_tracker_anime_studio VALUES(26,'2025-01-05 09:13:19.341570','2025-01-05 09:13:19.341570',21,10);
INSERT INTO anime_tracker_anime_studio VALUES(27,'2025-01-05 09:20:36.949032','2025-01-05 09:20:36.949032',22,11);
INSERT INTO anime_tracker_anime_studio VALUES(28,'2025-01-05 09:23:27.869098','2025-01-05 09:23:27.869098',23,11);
INSERT INTO anime_tracker_anime_studio VALUES(29,'2025-01-05 09:30:46.445848','2025-01-05 09:30:46.445848',24,11);
INSERT INTO anime_tracker_anime_studio VALUES(30,'2025-01-05 09:36:51.871628','2025-01-05 09:36:51.871628',25,11);
INSERT INTO anime_tracker_anime_studio VALUES(31,'2025-01-05 09:39:57.940686','2025-01-05 09:39:57.940686',26,11);
INSERT INTO anime_tracker_anime_studio VALUES(32,'2025-01-05 09:42:02.765442','2025-01-05 09:42:02.765442',27,11);
INSERT INTO anime_tracker_anime_studio VALUES(33,'2025-01-05 09:44:31.860380','2025-01-05 09:44:31.860380',28,11);
INSERT INTO anime_tracker_anime_studio VALUES(34,'2025-01-05 09:47:46.911041','2025-01-05 09:47:46.911041',29,12);
INSERT INTO anime_tracker_anime_studio VALUES(35,'2025-01-05 09:49:47.019085','2025-01-05 09:49:47.019085',30,12);
INSERT INTO anime_tracker_anime_studio VALUES(36,'2025-01-05 09:51:58.303084','2025-01-05 09:51:58.303084',31,13);
INSERT INTO anime_tracker_anime_studio VALUES(37,'2025-01-05 09:53:42.784575','2025-01-05 09:53:42.784575',32,13);
INSERT INTO anime_tracker_anime_studio VALUES(38,'2025-01-05 09:55:56.909102','2025-01-05 09:55:56.909102',33,14);
CREATE TABLE IF NOT EXISTS "anime_tracker_anime_seasons" ("id" integer NOT NULL PRIMARY KEY AUTOINCREMENT, "created_at" datetime NOT NULL, "updated_at" datetime NOT NULL, "anime_id_id" bigint NULL REFERENCES "anime_tracker_anime" ("id") DEFERRABLE INITIALLY DEFERRED, "season_id_id" bigint NULL REFERENCES "anime_tracker_seasons" ("id") DEFERRABLE INITIALLY DEFERRED);
INSERT INTO anime_tracker_anime_seasons VALUES(1,'2024-12-30 08:18:31.454183','2024-12-30 08:18:31.454183',1,78);
INSERT INTO anime_tracker_anime_seasons VALUES(2,'2024-12-30 08:25:17.671876','2024-12-30 08:25:17.671876',2,80);
INSERT INTO anime_tracker_anime_seasons VALUES(3,'2024-12-30 08:30:15.706474','2024-12-30 08:30:15.706474',3,84);
INSERT INTO anime_tracker_anime_seasons VALUES(4,'2024-12-30 08:38:52.499017','2024-12-30 08:38:52.499017',4,66);
INSERT INTO anime_tracker_anime_seasons VALUES(5,'2024-12-30 08:38:52.500017','2024-12-30 08:38:52.500017',4,67);
INSERT INTO anime_tracker_anime_seasons VALUES(6,'2024-12-30 08:46:12.659224','2024-12-30 08:46:12.659224',6,77);
INSERT INTO anime_tracker_anime_seasons VALUES(7,'2024-12-30 08:49:51.172269','2024-12-30 08:49:51.172269',7,82);
INSERT INTO anime_tracker_anime_seasons VALUES(8,'2024-12-30 08:54:53.413741','2024-12-30 08:54:53.413741',8,86);
INSERT INTO anime_tracker_anime_seasons VALUES(9,'2024-12-30 09:02:04.205291','2024-12-30 09:02:04.205291',9,54);
INSERT INTO anime_tracker_anime_seasons VALUES(10,'2024-12-30 09:06:50.055363','2024-12-30 09:06:50.055363',10,58);
INSERT INTO anime_tracker_anime_seasons VALUES(11,'2024-12-30 09:06:50.056362','2024-12-30 09:06:50.056362',10,59);
INSERT INTO anime_tracker_anime_seasons VALUES(12,'2024-12-30 09:11:53.436925','2024-12-30 09:11:53.436925',11,62);
INSERT INTO anime_tracker_anime_seasons VALUES(13,'2024-12-30 09:11:53.436925','2024-12-30 09:11:53.436925',11,63);
INSERT INTO anime_tracker_anime_seasons VALUES(14,'2024-12-30 09:18:37.030501','2024-12-30 09:18:37.030501',12,72);
INSERT INTO anime_tracker_anime_seasons VALUES(15,'2024-12-30 09:41:16.959619','2024-12-30 09:41:16.959619',13,88);
INSERT INTO anime_tracker_anime_seasons VALUES(16,'2024-12-30 11:22:50.093037','2024-12-30 11:22:50.093037',14,8);
INSERT INTO anime_tracker_anime_seasons VALUES(17,'2024-12-30 11:22:50.126375','2024-12-30 11:22:50.126375',14,9);
INSERT INTO anime_tracker_anime_seasons VALUES(18,'2024-12-30 11:22:50.127376','2024-12-30 11:22:50.127376',14,10);
INSERT INTO anime_tracker_anime_seasons VALUES(19,'2024-12-30 11:22:50.127376','2024-12-30 11:22:50.127376',14,11);
INSERT INTO anime_tracker_anime_seasons VALUES(20,'2024-12-30 11:22:50.128375','2024-12-30 11:22:50.128375',14,12);
INSERT INTO anime_tracker_anime_seasons VALUES(21,'2024-12-30 11:22:50.128375','2024-12-30 11:22:50.128375',14,13);
INSERT INTO anime_tracker_anime_seasons VALUES(22,'2024-12-30 11:22:50.129375','2024-12-30 11:22:50.129375',14,14);
INSERT INTO anime_tracker_anime_seasons VALUES(23,'2024-12-30 11:22:50.130375','2024-12-30 11:22:50.130375',14,15);
INSERT INTO anime_tracker_anime_seasons VALUES(24,'2024-12-30 11:22:50.131376','2024-12-30 11:22:50.131376',14,16);
INSERT INTO anime_tracker_anime_seasons VALUES(25,'2024-12-30 11:22:50.131376','2024-12-30 11:22:50.132375',14,17);
INSERT INTO anime_tracker_anime_seasons VALUES(26,'2024-12-30 11:22:50.132542','2024-12-30 11:22:50.132542',14,18);
INSERT INTO anime_tracker_anime_seasons VALUES(27,'2024-12-30 11:22:50.133539','2024-12-30 11:22:50.133539',14,19);
INSERT INTO anime_tracker_anime_seasons VALUES(28,'2024-12-30 11:22:50.133539','2024-12-30 11:22:50.133539',14,20);
INSERT INTO anime_tracker_anime_seasons VALUES(29,'2024-12-30 11:22:50.134539','2024-12-30 11:22:50.134539',14,21);
INSERT INTO anime_tracker_anime_seasons VALUES(30,'2024-12-30 11:22:50.134539','2024-12-30 11:22:50.134539',14,22);
INSERT INTO anime_tracker_anime_seasons VALUES(31,'2024-12-30 11:22:50.135540','2024-12-30 11:22:50.135540',14,23);
INSERT INTO anime_tracker_anime_seasons VALUES(32,'2024-12-30 11:22:50.135540','2024-12-30 11:22:50.135540',14,24);
INSERT INTO anime_tracker_anime_seasons VALUES(33,'2024-12-30 11:22:50.136540','2024-12-30 11:22:50.136540',14,25);
INSERT INTO anime_tracker_anime_seasons VALUES(34,'2024-12-30 11:22:50.136540','2024-12-30 11:22:50.136540',14,26);
INSERT INTO anime_tracker_anime_seasons VALUES(35,'2024-12-30 11:22:50.137540','2024-12-30 11:22:50.137540',14,27);
INSERT INTO anime_tracker_anime_seasons VALUES(36,'2024-12-30 11:22:50.137540','2024-12-30 11:22:50.137540',14,28);
INSERT INTO anime_tracker_anime_seasons VALUES(37,'2024-12-30 11:22:50.138539','2024-12-30 11:22:50.138539',14,29);
INSERT INTO anime_tracker_anime_seasons VALUES(38,'2024-12-30 11:22:50.138539','2024-12-30 11:22:50.138539',14,30);
INSERT INTO anime_tracker_anime_seasons VALUES(39,'2024-12-30 11:22:50.138539','2024-12-30 11:22:50.138539',14,31);
INSERT INTO anime_tracker_anime_seasons VALUES(40,'2024-12-30 11:22:50.139540','2024-12-30 11:22:50.139540',14,32);
INSERT INTO anime_tracker_anime_seasons VALUES(41,'2024-12-30 11:22:50.139540','2024-12-30 11:22:50.140539',14,33);
INSERT INTO anime_tracker_anime_seasons VALUES(42,'2024-12-30 11:22:50.140539','2024-12-30 11:22:50.140539',14,34);
INSERT INTO anime_tracker_anime_seasons VALUES(43,'2024-12-30 11:22:50.141537','2024-12-30 11:22:50.141537',14,35);
INSERT INTO anime_tracker_anime_seasons VALUES(44,'2024-12-30 11:22:50.141537','2024-12-30 11:22:50.141537',14,36);
INSERT INTO anime_tracker_anime_seasons VALUES(45,'2024-12-30 11:22:50.142537','2024-12-30 11:22:50.142537',14,37);
INSERT INTO anime_tracker_anime_seasons VALUES(46,'2024-12-30 11:30:42.244405','2024-12-30 11:30:42.244405',15,80);
INSERT INTO anime_tracker_anime_seasons VALUES(47,'2024-12-30 11:32:46.667634','2024-12-30 11:32:46.667634',16,83);
INSERT INTO anime_tracker_anime_seasons VALUES(48,'2024-12-30 11:35:27.887529','2024-12-30 11:35:27.887529',17,88);
INSERT INTO anime_tracker_anime_seasons VALUES(49,'2025-01-05 08:40:44.563029','2025-01-05 08:40:44.563029',5,72);
INSERT INTO anime_tracker_anime_seasons VALUES(50,'2025-01-05 08:44:02.019878','2025-01-05 08:44:02.019878',18,89);
INSERT INTO anime_tracker_anime_seasons VALUES(51,'2025-01-05 09:07:37.566575','2025-01-05 09:07:37.566575',19,85);
INSERT INTO anime_tracker_anime_seasons VALUES(52,'2025-01-05 09:13:19.339589','2025-01-05 09:13:19.339589',21,84);
INSERT INTO anime_tracker_anime_seasons VALUES(53,'2025-01-05 09:13:19.339589','2025-01-05 09:13:19.339589',21,85);
INSERT INTO anime_tracker_anime_seasons VALUES(54,'2025-01-05 09:13:37.612977','2025-01-05 09:13:37.612977',20,89);
INSERT INTO anime_tracker_anime_seasons VALUES(55,'2025-01-05 09:20:36.948031','2025-01-05 09:20:36.948031',22,89);
INSERT INTO anime_tracker_anime_seasons VALUES(56,'2025-01-05 09:23:27.868100','2025-01-05 09:23:27.868100',23,89);
INSERT INTO anime_tracker_anime_seasons VALUES(57,'2025-01-05 09:30:46.439849','2025-01-05 09:30:46.439849',24,84);
INSERT INTO anime_tracker_anime_seasons VALUES(58,'2025-01-05 09:36:51.868627','2025-01-05 09:36:51.868627',25,82);
INSERT INTO anime_tracker_anime_seasons VALUES(59,'2025-01-05 09:39:57.939687','2025-01-05 09:39:57.939687',26,79);
INSERT INTO anime_tracker_anime_seasons VALUES(60,'2025-01-05 09:42:02.764442','2025-01-05 09:42:02.764442',27,73);
INSERT INTO anime_tracker_anime_seasons VALUES(61,'2025-01-05 09:44:31.858379','2025-01-05 09:44:31.858379',28,67);
INSERT INTO anime_tracker_anime_seasons VALUES(62,'2025-01-05 09:44:31.859379','2025-01-05 09:44:31.859379',28,68);
INSERT INTO anime_tracker_anime_seasons VALUES(63,'2025-01-05 09:47:46.909041','2025-01-05 09:47:46.909041',29,89);
INSERT INTO anime_tracker_anime_seasons VALUES(64,'2025-01-05 09:49:47.018085','2025-01-05 09:49:47.018085',30,83);
INSERT INTO anime_tracker_anime_seasons VALUES(65,'2025-01-05 09:51:58.302084','2025-01-05 09:51:58.302084',31,89);
INSERT INTO anime_tracker_anime_seasons VALUES(66,'2025-01-05 09:53:42.783570','2025-01-05 09:53:42.783570',32,84);
INSERT INTO anime_tracker_anime_seasons VALUES(67,'2025-01-05 09:55:56.908103','2025-01-05 09:55:56.908103',33,89);
INSERT INTO anime_tracker_anime_seasons VALUES(68,'2025-01-05 09:58:40.145425','2025-01-05 09:58:40.145425',34,89);
CREATE TABLE IF NOT EXISTS "anime_tracker_anime_genres" ("id" integer NOT NULL PRIMARY KEY AUTOINCREMENT, "created_at" datetime NOT NULL, "updated_at" datetime NOT NULL, "anime_id_id" bigint NULL REFERENCES "anime_tracker_anime" ("id") DEFERRABLE INITIALLY DEFERRED, "genre_id_id" bigint NULL REFERENCES "anime_tracker_genres" ("id") DEFERRABLE INITIALLY DEFERRED);
INSERT INTO anime_tracker_anime_genres VALUES(1,'2024-12-30 08:38:52.497019','2024-12-30 08:38:52.497019',4,3);
INSERT INTO anime_tracker_anime_genres VALUES(2,'2024-12-30 08:46:12.657225','2024-12-30 08:46:12.657225',6,3);
INSERT INTO anime_tracker_anime_genres VALUES(3,'2024-12-30 08:49:51.170268','2024-12-30 08:49:51.170268',7,3);
INSERT INTO anime_tracker_anime_genres VALUES(4,'2024-12-30 08:54:53.388409','2024-12-30 08:54:53.388409',8,3);
INSERT INTO anime_tracker_anime_genres VALUES(5,'2024-12-30 09:02:04.203290','2024-12-30 09:02:04.203290',9,3);
INSERT INTO anime_tracker_anime_genres VALUES(6,'2024-12-30 09:11:53.434925','2024-12-30 09:11:53.434925',11,3);
INSERT INTO anime_tracker_anime_genres VALUES(7,'2024-12-30 09:18:37.028504','2024-12-30 09:18:37.028504',12,3);
INSERT INTO anime_tracker_anime_genres VALUES(8,'2024-12-30 09:41:59.180643','2024-12-30 09:41:59.180643',13,3);
INSERT INTO anime_tracker_anime_genres VALUES(9,'2024-12-30 09:41:59.186640','2024-12-30 09:41:59.186640',13,4);
INSERT INTO anime_tracker_anime_genres VALUES(10,'2024-12-30 09:41:59.187641','2024-12-30 09:41:59.187641',13,5);
INSERT INTO anime_tracker_anime_genres VALUES(11,'2024-12-30 11:22:50.048398','2024-12-30 11:22:50.048398',14,3);
INSERT INTO anime_tracker_anime_genres VALUES(12,'2024-12-30 11:35:27.885529','2024-12-30 11:35:27.886529',17,3);
INSERT INTO anime_tracker_anime_genres VALUES(13,'2025-01-05 09:07:37.514096','2025-01-05 09:07:37.514096',19,3);
CREATE TABLE IF NOT EXISTS "anime_tracker_anime_characters" ("id" integer NOT NULL PRIMARY KEY AUTOINCREMENT, "anime_id" bigint NOT NULL REFERENCES "anime_tracker_anime" ("id") DEFERRABLE INITIALLY DEFERRED, "character_id" bigint NOT NULL REFERENCES "anime_tracker_character" ("id") DEFERRABLE INITIALLY DEFERRED);
INSERT INTO anime_tracker_anime_characters VALUES(1,2,2);
INSERT INTO anime_tracker_anime_characters VALUES(2,5,11);
INSERT INTO anime_tracker_anime_characters VALUES(3,15,45);
INSERT INTO anime_tracker_anime_characters VALUES(4,23,53);
INSERT INTO anime_tracker_anime_characters VALUES(5,25,50);
CREATE TABLE IF NOT EXISTS "anime_tracker_anime_songs" ("id" integer NOT NULL PRIMARY KEY AUTOINCREMENT, "anime_id" bigint NOT NULL REFERENCES "anime_tracker_anime" ("id") DEFERRABLE INITIALLY DEFERRED, "song_id" bigint NOT NULL REFERENCES "anime_tracker_song" ("id") DEFERRABLE INITIALLY DEFERRED);
INSERT INTO anime_tracker_anime_songs VALUES(1,1,1);
INSERT INTO anime_tracker_anime_songs VALUES(2,1,2);
INSERT INTO anime_tracker_anime_songs VALUES(3,2,3);
INSERT INTO anime_tracker_anime_songs VALUES(4,2,4);
INSERT INTO anime_tracker_anime_songs VALUES(5,3,5);
INSERT INTO anime_tracker_anime_songs VALUES(6,3,6);
INSERT INTO anime_tracker_anime_songs VALUES(7,4,7);
INSERT INTO anime_tracker_anime_songs VALUES(8,4,8);
INSERT INTO anime_tracker_anime_songs VALUES(9,5,9);
INSERT INTO anime_tracker_anime_songs VALUES(10,6,10);
INSERT INTO anime_tracker_anime_songs VALUES(11,6,11);
INSERT INTO anime_tracker_anime_songs VALUES(12,7,12);
INSERT INTO anime_tracker_anime_songs VALUES(13,7,13);
INSERT INTO anime_tracker_anime_songs VALUES(14,8,14);
INSERT INTO anime_tracker_anime_songs VALUES(15,8,15);
INSERT INTO anime_tracker_anime_songs VALUES(16,9,16);
INSERT INTO anime_tracker_anime_songs VALUES(17,9,17);
INSERT INTO anime_tracker_anime_songs VALUES(18,10,18);
INSERT INTO anime_tracker_anime_songs VALUES(19,10,19);
INSERT INTO anime_tracker_anime_songs VALUES(20,10,20);
INSERT INTO anime_tracker_anime_songs VALUES(21,10,21);
INSERT INTO anime_tracker_anime_songs VALUES(22,11,22);
INSERT INTO anime_tracker_anime_songs VALUES(23,11,23);
INSERT INTO anime_tracker_anime_songs VALUES(24,11,24);
INSERT INTO anime_tracker_anime_songs VALUES(25,11,25);
INSERT INTO anime_tracker_anime_songs VALUES(26,12,26);
INSERT INTO anime_tracker_anime_songs VALUES(27,12,27);
INSERT INTO anime_tracker_anime_songs VALUES(28,12,28);
INSERT INTO anime_tracker_anime_songs VALUES(29,12,29);
INSERT INTO anime_tracker_anime_songs VALUES(30,13,30);
INSERT INTO anime_tracker_anime_songs VALUES(31,13,31);
INSERT INTO anime_tracker_anime_songs VALUES(32,14,32);
INSERT INTO anime_tracker_anime_songs VALUES(33,14,33);
INSERT INTO anime_tracker_anime_songs VALUES(34,14,34);
INSERT INTO anime_tracker_anime_songs VALUES(35,14,35);
INSERT INTO anime_tracker_anime_songs VALUES(36,14,36);
INSERT INTO anime_tracker_anime_songs VALUES(37,14,37);
INSERT INTO anime_tracker_anime_songs VALUES(38,14,38);
INSERT INTO anime_tracker_anime_songs VALUES(39,14,39);
INSERT INTO anime_tracker_anime_songs VALUES(40,17,40);
INSERT INTO anime_tracker_anime_songs VALUES(41,17,41);
INSERT INTO anime_tracker_anime_songs VALUES(42,21,42);
INSERT INTO anime_tracker_anime_songs VALUES(43,21,43);
INSERT INTO anime_tracker_anime_songs VALUES(44,21,44);
INSERT INTO anime_tracker_anime_songs VALUES(45,21,45);
INSERT INTO anime_tracker_anime_songs VALUES(46,20,46);
INSERT INTO anime_tracker_anime_songs VALUES(47,20,47);
INSERT INTO anime_tracker_anime_songs VALUES(48,24,48);
INSERT INTO anime_tracker_anime_songs VALUES(49,24,49);
INSERT INTO anime_tracker_anime_songs VALUES(50,23,50);
INSERT INTO anime_tracker_anime_songs VALUES(51,25,51);
INSERT INTO anime_tracker_anime_songs VALUES(52,25,52);
CREATE TABLE IF NOT EXISTS "anime_tracker_anime" ("id" integer NOT NULL PRIMARY KEY AUTOINCREMENT, "title" varchar(128) NOT NULL, "synopsis" text NULL, "start_date" date NULL, "end_date" date NULL, "episode_count" integer NOT NULL, "thumbnail" varchar(100) NULL, "average_rating" real NULL, "watched_count" integer NULL, "favorite_count" integer NULL, "created_at" datetime NOT NULL, "updated_at" datetime NOT NULL, "series_id_id" bigint NULL REFERENCES "anime_tracker_series" ("id") DEFERRABLE INITIALLY DEFERRED);
INSERT INTO anime_tracker_anime VALUES(1,'SPY×FAMILY',replace(replace('腐敗した政治家、狂信的な国家主義者、その他の戦争を煽る勢力が、隣国オスタニアとウェスタリスの間の薄っぺらな平和を絶えず脅かしている。彼らの陰謀にもかかわらず、有名なスパイであり変装の達人である「トワイライト」は、子供たちが戦争の恐怖を経験する必要がないようにと、次々と危険な任務を遂行する。\r\n\r\n賑やかなオスタニアの都市ベルリントで、トワイライトは「ロイド フォージャー」という名を騙る。彼は精神科医として名声を得ている。しかし、彼の本当の目的は、息子たちが通う名門校エデン アカデミーにほとんど姿を現さない著名な政治家ドノヴァン デズモンドに関する情報を集めることだった。独身の市役所事務員ヨル ブライアを妻として雇い、好奇心旺盛な 6 歳の孤児アーニャを娘として養子に迎え、ロイドは壮大な計画を実行する。彼はアーニャをエデン アカデミーに入学させ、そこで彼女が優秀になり、ドノヴァンに疑われずに会う機会を与えてくれることを期待している。\r\n\r\nロイドにとって残念なことに、彼のような才能のある男でさえ、愛情深い父親や夫の役を演じるのは難しい。そしてロイドが正体を隠しているのと同じように、地下の暗殺者で「いばら姫」として知られるヨルと、人の心を読むことができる超能力者であるアーニャも、自分の秘密を明かすつもりはない。この絵に描いたような完璧な家族は欺瞞の上に成り立っているが、フォージャー家は次第に、お互いに対する愛が何よりも重要であることに気付くようになる。','\r',char(13)),'\n',char(10)),'2022-04-09','2022-06-25',12,'thumbnails/22Spring01-SPYFAMILY_X5DrtiD.jpg',0.0,0,0,'2024-12-30 08:18:31.396983','2024-12-30 08:21:48.254175',1);
INSERT INTO anime_tracker_anime VALUES(2,'Spy x Family Part 2',replace(replace('アーニャ・フォージャーが名高いエデンアカデミーに無事入学し、オペレーション・ストリクスは第2段階に進む。オスタニアの政治家ドノヴァン・デズモンドを調査するため、アーニャは彼の息子ダミアンと友達になるか、帝国学者になるために8つのステラスターを集める必要がある。幸いにも、アーニャはすでに最初のスターを獲得している。お祝いに、養父のロイドは犬を飼いたいというアーニャの願いを叶えることにする。\r\n\r\n犬の捜索中、ロイドは上司から新たな命令を受ける。ベルリント大学の学生の一団が、訓練された犬に爆弾を装着させてウェスタリスのブランツ大臣を暗殺しようと企んでいることを知ったのだ。ロイドが彼らの計画を阻止しようとする中、アーニャはテロリストの活動拠点に偶然出くわす。そこで彼女は心優しい千里眼の犬と友達になり、後に家族はその犬をボンドと名付ける。\r\n\r\nフォージャー一家はそれぞれ秘密裏に生活を続けますが、新しいふわふわの家族が加わったことで、さまざまな異常な障害を乗り越えて家族は団結し続けます。','\r',char(13)),'\n',char(10)),'2022-10-01','2022-12-24',13,'thumbnails/22Autumn01-SPYFAMILY_w82qg7N.jpg',0.0,0,0,'2024-12-30 08:25:17.655040','2024-12-30 08:27:32.080898',1);
INSERT INTO anime_tracker_anime VALUES(3,'Spy x Family Season 2',replace(replace('心を読む能力を持つアーニャ・フォージャーは、型破りな家族の正体を知っている唯一の人物です。彼女の偽の父親ロイドは、コードネーム「トワイライト」のエリートスパイとして活動しています。彼女の母親ヨルは、暗殺者ソーンプリンセスとして要求に応じて殺人をします。そして、彼らの犬のボンドは予知の才能を持っています。彼らはお互いに真実を隠していますが、このごく普通の家族のふりは、孤児だったアーニャに切望していた本物の愛と温かさを与えています。\r\n\r\nオペレーション・ストリクス（重要な情報を収集し、有力な政治家ドノバン・デズモンドに近づくことで潜在的な戦争を回避するロイドの特別任務）は、アーニャが自分の役割を正しく果たした場合にのみ可能です。彼女は学業で優秀になり、名門校で帝国奨学生になるか、ドノバンの息子ダミアンと友達になることができます。どちらも決して簡単なことではありませんが、アーニャは冒険心を持って、国際平和のために、フォージャーとしての使命に全身全霊で取り組みます。','\r',char(13)),'\n',char(10)),'2023-10-07','2023-12-23',12,'thumbnails/23Autumn01-SPYFAMILY_シーズン_2_tFkayWG.jpg',0.0,0,0,'2024-12-30 08:26:53.756135','2024-12-30 08:30:15.698539',1);
INSERT INTO anime_tracker_anime VALUES(4,'鬼滅の刃',replace(replace('父の死以来、家族を支える重荷は竈門炭治郎の肩にのしかかってきた。人里離れた山で貧しい暮らしをしているが、竈門家は比較的平和で幸せな生活を送っている。ある日、炭治郎は炭を売って少しお金を稼ぐために地元の村に行くことにした。帰る途中、夜になり、炭治郎は見知らぬ男の家に避難せざるを得なくなり、その男は夜の森に潜む肉食鬼の存在を警告した。\r\n\r\n翌日、ようやく家に帰ると、家族全員が惨殺されていた。さらに悪いことに、唯一の生存者は血に飢えた鬼に変えられた妹の禰豆子だった。怒りと憎しみに駆られた炭治郎は、家族の復讐を誓い、唯一残った兄弟のそばに留まることを誓う。炭治郎は、鬼殺隊と名乗る謎の集団とともに、鬼を倒し、愛する妹の残された人間性を守るためにあらゆる手段を講じる。','\r',char(13)),'\n',char(10)),'2019-04-06','2019-09-28',26,'thumbnails/19Spring01-鬼滅の刃_c6PKwBA.jpg',0.0,0,0,'2024-12-30 08:38:52.491022','2024-12-30 08:38:52.491022',2);
INSERT INTO anime_tracker_anime VALUES(5,'劇場版「鬼滅の刃」無限列車編',replace(replace('列車内で一連の謎の失踪事件が発生、鬼殺隊が何度も問題を解決しようと試みるも無駄に終わる。これ以上の犠牲者を出さないために、炎柱の煉獄杏寿郎は自ら脅威を排除する。彼に同行するのは、隊の最も有望な新人である竈門炭治郎、我妻善逸、嘴平伊之助で、この模範的な鬼殺隊の炎の技を目の当たりにしたいと願っている。\r\n\r\n彼らには知らされていないが、失踪事件の原因となった鬼の勢力はすでに邪悪な計画を実行に移している。この鬼の存在の下、隊は意志の力をすべて振り絞って刀を抜き、乗客200人全員を救わなければならない。事態が制御不能に陥り始めると、炭治郎の決意と任務への献身が試される。','\r',char(13)),'\n',char(10)),'2020-10-16',NULL,1,'thumbnails/20MOVIE_劇場版鬼滅の刃無限列車編.jpg',0.0,0,0,'2024-12-30 08:42:55.159280','2025-01-05 08:40:44.557480',2);
INSERT INTO anime_tracker_anime VALUES(6,'鬼滅の刃 遊郭編','無限列車事件の惨劇は、鬼殺隊のメンバーにまだ重くのしかかっていた。回復する時間を与えられたにもかかわらず、悪人は眠らないので、人生は続かなければならない。凶悪な鬼が吉原歓楽街の魅力的な女性たちを恐怖に陥れている。音柱、宇髄天元と彼の3人の妻が事件に取り組んでいる。しかし、すぐに配偶者と連絡が取れなくなると、天元は最悪の事態を恐れ、竈門炭治郎、我妻善逸、嘴平伊之助の助けを借りて、地区で最も著名な家に潜入し、堕落した上等鬼を見つける。','2021-12-05','2022-02-13',11,'thumbnails/22Winter01-鬼滅の刃_遊郭編_HU3V5Am.jpg',0.0,0,0,'2024-12-30 08:46:12.650351','2024-12-30 08:46:12.650351',2);
INSERT INTO anime_tracker_anime VALUES(7,'鬼滅の刃 刀鍛冶の里編',replace(replace('何世紀にもわたり、鬼殺隊は刀鍛冶の里の所在地を厳重に秘密にしてきました。最高の鍛冶屋の村として、鬼殺隊に最高の武器を提供し、夜這いする悪魔と戦い、人間の安全を確保しています。刀が欠けて役に立たなくなった後、竈門炭治郎は大切な妹の禰豆子と一緒に村に護送され、新しい刀を受け取ります。\r\n\r\n一方、上級鬼の死は、鬼の世界の怠惰な秩序を乱します。炭治郎が霧柱時透無一郎と恋柱甘露寺蜜璃と知り合うと、凶暴な力が影から忍び寄り、鬼殺隊の最大の防衛線を打ち砕く脅威となります。','\r',char(13)),'\n',char(10)),'2023-04-09','2023-06-18',11,'thumbnails/23Spring02-鬼滅の刃_刀鍛冶の里編_V1S8Q76.jpg',0.0,0,0,'2024-12-30 08:49:51.161320','2024-12-30 08:49:51.161320',2);
INSERT INTO anime_tracker_anime VALUES(8,'鬼滅の刃 柱稽古編',replace(replace('上弦の鬼との一連の激しい衝突の後、産屋敷一族は鬼舞辻無惨の地獄の軍勢との最後の戦いに備えている。鬼のリーダーを最終的に打ち負かすために、一族は組織で最もエリートの戦士である残りの柱が率いる鬼殺隊の訓練キャンプを考案します。各柱は、自分の能力と一般兵士のスキルの両方を磨くための専門的な訓練を形成します。\r\n\r\n醸成される紛争の中心にいる少年、竈門炭治郎は、最近の戦いで受けた傷から回復しています。半鬼の妹である禰豆子が胡蝶しのぶなどの研究者によって研究されている間、炭治郎は柱との訓練に乗り出し、来たるべき戦争に最善の準備をするために割り当てられた各専門分野での熟達を求めます。炭治郎にとって、それは無惨を完全に排除する戦士になることを誓ったため、不可欠なスキルです。','\r',char(13)),'\n',char(10)),'2024-05-12','2024-06-30',8,'thumbnails/24Spring01-きめつの刃柱稽古編_qL7hvwn.jpg',0.0,0,0,'2024-12-30 08:54:53.382409','2024-12-30 08:54:53.382409',2);
INSERT INTO anime_tracker_anime VALUES(9,'僕のヒーローアカデミア',replace(replace('近年、新たに発見された超能力である「個性」の出現が着実に増加しており、人類の 80% が元素操作からシェイプシフティングまで、さまざまな能力を持っています。これにより、世界の残りの人々は完全に無力になり、緑谷出久もその 1 人です。\r\n\r\n子供の頃から、この野心的な中学生はヒーローになることしか望んでいませんでした。出久の不公平な運命は、ヒーローに憧れ、できる限りヒーローについてメモを取ることにありました。しかし、彼の粘り強さが実を結んだようです。出久はナンバーワンのヒーローであり、彼の個人的なアイドルであるオールマイトに出会います。オールマイトの個性は継承できるユニークな能力であり、彼は出久を後継者に選びました。\r\n\r\n何ヶ月もの厳しいトレーニングに耐え、出久は優れたヒーロートレーニングプログラムで有名な名門高校である UA 高校に入学します。今年の新入生は特に有望です。奇妙だが才能豊かなクラスメイトたちと、迫りくる悪の組織の脅威の中で、出久はすぐにヒーローであることの本当の意味を学ぶことになる。','\r',char(13)),'\n',char(10)),'2016-04-03','2016-06-26',13,'thumbnails/16Spring01-僕のヒーローアカデミア.jpg',0.0,0,0,'2024-12-30 09:02:04.181955','2024-12-30 09:02:04.181955',3);
INSERT INTO anime_tracker_anime VALUES(10,'僕のヒーローアカデミア 2nd Season',replace(replace('UA アカデミーでは、暴力的な攻撃でさえ、最も名誉あるイベントである学校の体育祭を中断することはできません。日本中で有名なこの祭りは、ヒーローを目指す人々が一般の人々と潜在的な採用担当者の両方に能力を披露する機会です。\r\n\r\nしかし、栄光への道は決して容易ではありません。特に緑谷出久にとってはそうです。彼の個性は、大きな生の力を持っていますが、致命的に非効率的でもあります。火と氷を操る轟焦凍などの才能のあるクラスメートと対戦する出久は、鋭い知恵を駆使して周囲の状況を制御し、勝利を収め、世界に自分の価値を証明しなければなりません。','\r',char(13)),'\n',char(10)),'2017-04-01','2017-09-30',25,'thumbnails/17Spring01-僕のヒーローアカデミア_2nd_Season.jpg',0.0,0,0,'2024-12-30 09:06:50.048365','2024-12-30 09:06:50.048365',3);
INSERT INTO anime_tracker_anime VALUES(11,'僕のヒーローアカデミア 3nd Season',replace(replace('UA アカデミーの学生たちに夏がやってくると、訓練中のスーパーヒーローたちはそれぞれ、有名なヒーローになるために最善を尽くします。彼らは UA のプロヒーローが運営する森のトレーニング キャンプに向かいます。そこで学生たちは戦いで互いに対峙し、危険なテストを受け、能力を向上させ、限界を超えていきます。しかし、彼らの修学旅行は突然ひっくり返ります。ヴィラン連盟がキャンプに侵入し、学生の 1 人を捕らえるという使命を帯びてきます。\r\n\r\n僕のヒーローアカデミア 3rd シーズンは、ロールモデルであるオールマイトのようなヒーローになるという夢を実現するためにトレーニングしている野心的な学生、緑谷出久「デク」を追っています。ヴィランの攻撃の混乱に巻き込まれた学生の 1 人であるデクは、クラスメートとともに立ち上がって生き残るために戦わなければなりません。','\r',char(13)),'\n',char(10)),'2018-04-07','2018-09-29',25,'thumbnails/18Spring01-僕のヒーローアカデミア_3nd_Season.jpg',0.0,0,0,'2024-12-30 09:11:53.427998','2024-12-30 09:11:53.427998',3);
INSERT INTO anime_tracker_anime VALUES(12,'僕のヒーローアカデミア 4th season',replace(replace('仮ヒーローライセンス試験に合格した緑谷出久（デク）は、プロのヒーロー事務所で課外インターンシップを探す。メンターであるオールマイトの勧めで、緑谷はオールマイトの元相棒で、今では自らも有名なヒーローとなったサー・ナイトアイのもとで働くことになる。\r\n\r\n緑谷のクラスメイトたちがさまざまなインターンシップを通じて自分の能力をさらに伸ばす中、新進気鋭の悪役カイ・チサキは、その恐ろしい力を利用して犯罪組織の支持を集めている。オーバーホールというあだ名で知られるチサキの野望は、ヴィラン連盟とそのリーダーである死柄木弔村と衝突する。\r\n\r\nサー・ナイトアイとの活動を通じて、緑谷はチサキの犯罪シンジケートと、その悪役とエリという謎の少女との敵対関係を発見する。子供の安全を心配して、緑谷と上級生の遠形ミリオは、千咲の恐怖政治を終わらせるために協力しなければなりません。','\r',char(13)),'\n',char(10)),'2019-10-12','2020-04-04',25,'thumbnails/20Autumn02-僕のヒーローアカデミア_4th_season.jpg',0.0,0,0,'2024-12-30 09:18:37.024501','2024-12-30 09:18:37.024501',3);
INSERT INTO anime_tracker_anime VALUES(13,'ダンダダン',replace(replace('人気者の高校生、綾瀬ももは、最近別れたばかりで動揺している。彼女は、社交性のない同級生、高倉健に優しく接するため、彼のいじめっ子たちに立ち向かう。健は彼女の意図を誤解し、自分と同じように宇宙人とUFOに夢中な新しい友達ができたと思い込む。しかし、もも自身の風変わりなオカルト信仰は超自然的な領域にあり、彼女は宇宙人は存在しないと考えている。お互いが間違っていることを証明しようと決意するにつれ、すぐにライバル関係が生まれる。\r\n\r\n当初は相反する信仰で衝突したが、ももと健は予期せぬ親密な友情を築く。それは、一連の超自然的な戦いや、都市伝説や超常現象との奇妙な遭遇の中で築かれた絆\r\n\r\nである。2人とも独自の超人的能力を発達させるにつれ、お互いの弱点を補うことを学び、新たなパートナーシップは単なる生存以上のものなのではないかと考えるようになる。','\r',char(13)),'\n',char(10)),'2024-10-04','2024-12-20',12,'thumbnails/24Autumn01-ダンダダン.jpg',0.0,1,0,'2024-12-30 09:40:56.527197','2024-12-30 09:58:59.855949',4);
INSERT INTO anime_tracker_anime VALUES(14,'BLEACH',replace(replace('黒崎一護は普通の高校生だったが、家族が人の魂を食い尽くそうとする邪悪な霊、虚に襲われる。その時、一護は朽木ルキアという死神と出会う。朽木ルキアは一護の家族を襲撃者から守ろうとして負傷する。家族を救うため、一護はルキアの力を借りるという申し出を受け入れ、結果として死神となる。\r\n\r\nしかし、ルキアは力を取り戻すことができず、一護は町を悩ませる虚を追い詰めるという困難な任務を与えられる。しかし、一護は孤独ではなく、後にクラスメイトの井上織姫、佐渡泰虎、石田雨竜といったそれぞれ独自の能力を持つ友人たちと戦うことになる。一護と仲間たちが新たな任務に慣れ、戦場の内外で互いに支え合うようになると、若き死神は、ホロウだけが人間界に対する唯一の本当の脅威ではないことにすぐに気づく。','\r',char(13)),'\n',char(10)),'2004-10-05','2012-03-27',366,'thumbnails/04Autumn01-BLEACH.jpg',0.0,0,0,'2024-12-30 11:22:50.009717','2024-12-30 11:27:55.456408',5);
INSERT INTO anime_tracker_anime VALUES(15,'BLEACH 千年決戦編',replace(replace('死神代行の黒崎一護は、空座町を脅かす危険な悪霊、虚と戦う日々を送っている。一護は、治癒の才能を持つ幼なじみの井上織姫、超人的な力を持つ高校の同級生の茶渡泰虎、そして一護のクインシーのライバルである石田雨竜という最も親しい仲間たちと共に戦いを繰り広げる。\r\n\r\n一護の自警活動は、古代のクインシーの王であるユーハバッハの復活を告げる危険なアランカル、アスギアロ・エバーンの突然の出現によって中断される。ユーハバッハは、死神とクインシーの間の歴史的な血の確執を再燃させようとしており、人間界と尸魂界の両方を永久に消滅させることを狙っている。\r\n\r\nユーハバッハは、尸魂界と虚とアランカルの故郷であるヒューコ・ムンドの両方に二方面からの侵略を開始する。報復として、一護とその友人たちは、世界が終わる前にユーハバッハの大虐殺を終わらせるために、古くからの仲間や敵と共に戦わなければなりません。','\r',char(13)),'\n',char(10)),'2022-10-11','2022-12-27',13,'thumbnails/22Autumn03-BLEACH_千年血戦篇.jpg',0.0,0,0,'2024-12-30 11:30:42.219039','2024-12-30 11:30:42.220039',5);
INSERT INTO anime_tracker_anime VALUES(16,'BLEACH 千年血戦篇 -決別譚-','','2023-07-08','2023-09-30',13,'thumbnails/23Spring03-BLEACH_千年血戦篇_-決別譚-.jpg',0.0,0,0,'2024-12-30 11:32:46.661638','2024-12-30 11:32:46.661638',5);
INSERT INTO anime_tracker_anime VALUES(17,'BLEACH 千年血戦篇 -相剋譚-','','2024-10-05','2024-12-28',14,'thumbnails/24Autumn02-BLEACH_千年血戦篇-相剋譚-.jpg',0.0,0,0,'2024-12-30 11:35:27.863521','2024-12-30 11:35:27.863521',5);
INSERT INTO anime_tracker_anime VALUES(18,'俺だけレベルアップ件　シーズン2','','2025-01-05',NULL,0,'thumbnails/25Winter01-俺だけレベルアップ内容_シーズン2.jpg',0.0,0,0,'2025-01-05 08:44:01.969113','2025-01-05 09:04:45.089981',6);
INSERT INTO anime_tracker_anime VALUES(19,'俺だけがレベルアップな件',replace(replace('人類は10年前、最初のゲート（通常の兵器が効かないモンスターをかくまう、異次元につながるポータル）が世界中に出現したときに、危機に瀕しました。ゲートの出現とともに、さまざまな人間がハンターに変身し、超人的な能力を授かりました。ゲートに入り、内部のダンジョンをクリアする責任を負っている多くのハンターは、生計を立てるためにギルドを結成することを選びました。\r\n\r\nソン・ジンウは、全人類最弱のハンターと呼ばれるEランクのハンターです。安全と思われるダンジョンを探索しているとき、彼と彼のグループは、より深いエリアにつながる珍しいトンネルに遭遇します。宝物の可能性に誘われてグループは前進しますが、想像を超える恐怖に直面することになります。奇跡的に、ジンウは事件を生き延び、すぐに自分だけが見えるインターフェースにアクセスできることに気付きます。この神秘的なシステムは、彼が長い間夢見てきた力を約束しますが、すべてには代償が伴います。','\r',char(13)),'\n',char(10)),'2024-01-07','2024-03-31',12,'thumbnails/24Winter01-俺だけレベルアップ内容.jpg',0.0,0,0,'2025-01-05 09:07:37.508505','2025-01-05 09:07:37.508505',6);
INSERT INTO anime_tracker_anime VALUES(20,'薬屋のひとりごと 2nd Season','','2025-01-10',NULL,0,'thumbnails/25Winter02-薬屋のひとりごと_2nd_Season.jpg',0.0,0,0,'2025-01-05 09:10:43.269383','2025-01-05 09:18:24.968969',7);
INSERT INTO anime_tracker_anime VALUES(21,'薬屋のひとりごと',replace(replace('薬師の娘であるマオマオは、平穏な生活から引き離され、宮廷の最下層に売られました。今や単なる侍女となったマオマオは、新たな平凡な生活に落ち着き、望ましくない注目を避けるために、豊富な医学の知識を隠します。\r\n\r\nマオマオが到着して間もなく、皇帝の幼い子供たちが、まるで呪いがかけられたかのように、不可解な深刻な症状を経験し始めます。好奇心旺盛なマオマオは、その謎を簡単に解き明かし、注目を浴びないように、匿名で密告しようとします。残念ながら、勇敢で洞察力のある宦官のジンシはそれを見抜き、マオマオを標的にしました。\r\n\r\nその才能が認められ、マオマオは皇帝のお気に入りの側室である玉葉の侍女に昇進します。マオマオが宮廷を苦しめる多くの病気を治療し続けると、彼女の薬学の専門知識はすぐに不可欠であることが証明されます。','\r',char(13)),'\n',char(10)),'2023-10-22','2024-03-24',24,'thumbnails/23Autumn02-薬屋のひとりごと.jpg',0.0,0,0,'2025-01-05 09:13:19.333569','2025-01-05 09:17:51.826422',7);
INSERT INTO anime_tracker_anime VALUES(22,'Sakamoto Days','','2025-01-11',NULL,0,'thumbnails/25Winter03-Sakamoto_Days.jpg',0.0,0,0,'2025-01-05 09:20:36.933743','2025-01-05 09:20:36.933743',8);
INSERT INTO anime_tracker_anime VALUES(23,'Dr.STONE SCIENCE FUTURE','','2025-01-09',NULL,0,'thumbnails/25Winter04-Dr.STONE_SCIENCE_FUTURE.jpg',0.0,0,0,'2025-01-05 09:23:27.861100','2025-01-05 09:32:42.987087',9);
INSERT INTO anime_tracker_anime VALUES(24,'Dr.STONE NEW WORLD Part 2',replace(replace('何年も前、宇宙飛行士の白夜は、科学の才能に恵まれた息子の千空がいつか見つけてくれると信じて、貴重な資料を残していきました。現在、科学王国の琥珀と銀狼は、地元の少女アマリリスの助けを借りて、石化王国のリーダーのハーレムに侵入しました。最初は、彼らの任務は滞りなく進んでいました。残念ながら、琥珀と銀狼が犯したミスにより、イバラ大臣と島最強の戦士モズは、侵入した2人を敵と見なしました。\r\n\r\nさらに悪いことに、モズは、千空にニュースを伝えるために戻ってきたアマリリスを追跡し、科学者の秘密の隠れ家を発見しました。しかし、モズの計画はイバラのものと一致せず、大臣の地位を奪い、石化装置を自分のものにしたいと考えています。千空がうまく戦略を練れば、強力な同盟国を得て、戦争に完全に勝つことができるかもしれません。','\r',char(13)),'\n',char(10)),'2023-10-12','2023-12-21',11,'thumbnails/23Autumn03-Dr._Stone_3rd_Season_Part_2.jpg',0.0,0,0,'2025-01-05 09:30:46.432840','2025-01-05 09:45:16.119996',9);
INSERT INTO anime_tracker_anime VALUES(25,'Dr.STONE NEW WORLD',replace(replace('野心的な七海流水が乗船し、石神千空とそのチームは、人類を石化させた奇妙な緑色の光の起源である世界の反対側へ航海する準備がほぼ整いました。熟練したシェフが復活したおかげで、乗組員全員に十分な食事が用意され、GPSの驚くべき再発明により外洋での安全が保証されます。\r\n\r\n今後の航海の準備は順調に進んでいましたが、千空は謎の人物から不気味なメッセージを受け取りました。これまで以上に意欲を燃やした科学者は、新しい世界を探検し、科学的目的のために何を提供できるかを発見しようと出発します。未知の領域には意外な驚きが隠れているかもしれませんが、科学の助けを借りて、千空はどんな挑戦にも立ち向かう準備ができています。','\r',char(13)),'\n',char(10)),'2023-04-06','2023-06-15',11,'thumbnails/23Spring04-_Dr.STONE_NEW_WORLD.jpg',0.0,0,0,'2025-01-05 09:36:51.864063','2025-01-05 09:37:38.327854',9);
INSERT INTO anime_tracker_anime VALUES(26,'Dr.STONE 龍水',replace(replace('頭脳と腕力が結集した今、かつて人類を石化した緑色の光の謎を解明するという千空の計画の次のステップは、地球の裏側に行ってその起源を調査することです。しかし、これを達成するには、千空はまず船を建造しなければなりません。\r\n\r\n獅子王司の元部下の助けを借りて、船の基礎は急速に組み立てられましたが、1つ欠けているものがあります。それは、熟練した船長です。探索中、千空と彼の乗組員は、石化した七海龍水に出くわします。七海龍水は、最大の海事コングロマリットの相続人で、帆船に関する豊富な知識で知られていますが、不快な性格です。それにもかかわらず、千空はリスクを冒して龍水を生き返らせます。\r\n\r\n龍水は、この新しい文明には所有権がないことに気づき、すべてを自分のものにできるという見通しに興奮しています。しかし、彼がこれからの旅で重要な役割を果たし、荒れ狂う海で船を指揮することに同意する前に、彼と千空は船を動かす燃料の王様、石油を見つけなければなりません。','\r',char(13)),'\n',char(10)),'2022-07-10','2022-07-10',1,'thumbnails/22Summer01-Dr.STONE_龍水.jpg',0.0,0,0,'2025-01-05 09:39:57.934687','2025-01-05 09:39:57.934687',9);
INSERT INTO anime_tracker_anime VALUES(27,'Dr.STONE STONE WARS','','2021-01-14','2021-03-25',11,'thumbnails/21Winter01-Dr.STONE_STONE_WARS.jpg',0.0,0,0,'2025-01-05 09:41:17.509084','2025-01-05 09:42:02.735440',9);
INSERT INTO anime_tracker_anime VALUES(28,'Dr.STONE',replace(replace('高校生の大木大樹は、5年間も言葉にできない想いを抱き続けた後、ついに小川楪に愛を告白する準備が整いました。しかし大樹が告白しようとしたちょうどその時、まばゆい緑色の光が地球を襲い、世界中の人類を石化させてしまいます。すべての人間が石に変わってしまいます。\r\n\r\n数千年後、大樹が目を覚ますと、人類が止まっていた年月の間に自然が繁栄しており、現代の世界は完全に存在していませんでした。彫像の石の世界で、大樹はもう一人の生きている人間と出会います。それは、数か月前から活動している科学好きの友人、千空です。大樹は、千空が科学で文明を完全に復活させるという壮大な計画を立てていることを知ります。大樹の腕力と千空の頭脳が組み合わさって強力なパートナーシップを築き、2人はすぐに石化した人々を生き返らせる方法を発見します。\r\n\r\nしかし、千空のマスタープランは、目覚めた人々によって彼のイデオロギーが挑戦され、脅かされます。人類が石化してしまった理由は、いまだに不明のままである。','\r',char(13)),'\n',char(10)),'2019-07-05','2019-12-13',24,'thumbnails/19Summer01-Dr.STONE.jpg',0.0,0,0,'2025-01-05 09:44:31.853379','2025-01-05 09:44:31.853379',9);
INSERT INTO anime_tracker_anime VALUES(29,'わたしの幸せな結婚 2nd Season','','2025-01-06',NULL,0,'thumbnails/25Winter05-わたしの幸せな結婚.jpg',0.0,0,0,'2025-01-05 09:47:46.902039','2025-01-05 09:47:46.902039',10);
INSERT INTO anime_tracker_anime VALUES(30,'わたしの幸せな結婚',replace(replace('斎森みよの人生は、悲惨なことが永遠に続くように思える。彼女は政略結婚で生まれたが、母親の悲劇的な死後、すぐに捨てられた。父親は再婚し、妹の茅がすべての愛情を受け、みよは下級の使用人に貶められた。家族の虐待に抵抗する力がないため、みよは自分の運が好転する望みを失っていた。\r\n\r\n突然、みよの父親は彼女を呼び出し、驚くべき知らせを伝えた。彼女は名門の工藤家の当主、工藤清香と結婚することになっていた。清香は高貴な出自にもかかわらず、これまですべての元婚約者を捨ててきた冷酷な男として知られている。\r\n\r\n工藤家に到着すると、みよは粗暴な扱いを受け、捨てられることを予想した。しかし、彼女の想定に反して、清香は彼女が切実に必要としていた優しさと愛情を彼女に示してくれた。清香との結婚は、美代にとって、無視された家族から抜け出し、幸せな人生を送る唯一のチャンスかもしれない。','\r',char(13)),'\n',char(10)),'2023-07-05','2023-09-20',12,'thumbnails/23Summer03-わたしの幸せな結婚-.jpg',0.0,0,0,'2025-01-05 09:49:46.991031','2025-01-05 09:49:46.991031',10);
INSERT INTO anime_tracker_anime VALUES(31,'君のことが大大大大大好きな100人の彼女 2nd Season','','2025-01-12',NULL,0,'thumbnails/25Winter06-君のことが大大大大大好きな100人の彼女_2nd_Season.jpg',0.0,0,0,'2025-01-05 09:51:58.292083','2025-01-05 09:51:58.293084',11);
INSERT INTO anime_tracker_anime VALUES(32,'君のことが大大大大大好きな100人の彼女','','2023-10-08','2023-12-24',12,'thumbnails/23Autumn04-君のことが大大大大大好きな100人の彼女.jpg',0.0,0,0,'2025-01-05 09:53:42.777776','2025-01-05 09:53:42.777776',11);
INSERT INTO anime_tracker_anime VALUES(33,'天久鷹央の推理カルテ','','2025-01-02',NULL,0,'thumbnails/25Winter07-天久鷹央の推理カルテ.jpg',0.0,0,0,'2025-01-05 09:55:56.898111','2025-01-05 09:55:56.898111',12);
INSERT INTO anime_tracker_anime VALUES(34,'カードファイト!! ヴァンガード ディヴァインズ デラックス編','','2025-01-11',NULL,0,'thumbnails/25Winter08-カードファイト_ヴァンガード_ディヴァインズ_デラックス編.jpg',0.0,0,0,'2025-01-05 09:58:40.107125','2025-01-05 09:58:40.107125',13);
CREATE TABLE IF NOT EXISTS "django_admin_log" ("id" integer NOT NULL PRIMARY KEY AUTOINCREMENT, "object_id" text NULL, "object_repr" varchar(200) NOT NULL, "action_flag" smallint unsigned NOT NULL CHECK ("action_flag" >= 0), "change_message" text NOT NULL, "content_type_id" integer NULL REFERENCES "django_content_type" ("id") DEFERRABLE INITIALLY DEFERRED, "user_id" bigint NOT NULL REFERENCES "anime_tracker_users" ("id") DEFERRABLE INITIALLY DEFERRED, "action_time" datetime NOT NULL);
INSERT INTO django_admin_log VALUES(1,'89','2025 - 冬',1,'[{"added": {}}]',10,1,'2025-01-05 08:40:16.597619');
INSERT INTO django_admin_log VALUES(2,'5','劇場版「鬼滅の刃」無限列車編',2,'[{"added": {"name": "anime_seasons", "object": "\u5287\u5834\u7248\u300c\u9b3c\u6ec5\u306e\u5203\u300d\u7121\u9650\u5217\u8eca\u7de8 - 2020 - \u79cb"}}]',7,1,'2025-01-05 08:40:44.603062');
INSERT INTO django_admin_log VALUES(3,'6','俺だけレベルアップ件',1,'[{"added": {}}]',11,1,'2025-01-05 08:42:35.712823');
INSERT INTO django_admin_log VALUES(4,'18','俺だけレベルアップ内容 シーズン2',1,'[{"added": {}}, {"added": {"name": "anime_seasons", "object": "\u4ffa\u3060\u3051\u30ec\u30d9\u30eb\u30a2\u30c3\u30d7\u5185\u5bb9 \u30b7\u30fc\u30ba\u30f32 - 2025 - \u51ac"}}]',7,1,'2025-01-05 08:44:02.020877');
INSERT INTO django_admin_log VALUES(5,'18','俺だけレベルアップ件　シーズン2',2,'[{"changed": {"fields": ["Title"]}}]',7,1,'2025-01-05 08:44:15.369893');
INSERT INTO django_admin_log VALUES(6,'8','A-1 Pictures',1,'[{"added": {}}]',12,1,'2025-01-05 08:58:51.811967');
INSERT INTO django_admin_log VALUES(7,'18','俺だけレベルアップ件　シーズン2',2,'[{"added": {"name": "anime_studio", "object": "\u4ffa\u3060\u3051\u30ec\u30d9\u30eb\u30a2\u30c3\u30d7\u4ef6\u3000\u30b7\u30fc\u30ba\u30f32 - A-1 Pictures"}}]',7,1,'2025-01-05 09:04:45.098976');
INSERT INTO django_admin_log VALUES(8,'19','俺だけがレベルアップな件',1,'[{"added": {}}, {"added": {"name": "anime_genres", "object": "\u4ffa\u3060\u3051\u304c\u30ec\u30d9\u30eb\u30a2\u30c3\u30d7\u306a\u4ef6 - \u30a2\u30af\u30b7\u30e7\u30f3/\u30d0\u30c8\u30eb"}}, {"added": {"name": "anime_seasons", "object": "\u4ffa\u3060\u3051\u304c\u30ec\u30d9\u30eb\u30a2\u30c3\u30d7\u306a\u4ef6 - 2024 - \u51ac"}}, {"added": {"name": "anime_studio", "object": "\u4ffa\u3060\u3051\u304c\u30ec\u30d9\u30eb\u30a2\u30c3\u30d7\u306a\u4ef6 - A-1 Pictures"}}]',7,1,'2025-01-05 09:07:37.569505');
INSERT INTO django_admin_log VALUES(9,'7','薬屋のひとりごと',1,'[{"added": {}}]',11,1,'2025-01-05 09:08:33.197325');
INSERT INTO django_admin_log VALUES(10,'9','TOHO animation STUDIO',1,'[{"added": {}}]',12,1,'2025-01-05 09:10:24.157627');
INSERT INTO django_admin_log VALUES(11,'10','OLM',1,'[{"added": {}}]',12,1,'2025-01-05 09:10:32.315109');
INSERT INTO django_admin_log VALUES(12,'20','薬屋のひとりごと 2nd Season',1,'[{"added": {}}, {"added": {"name": "anime_studio", "object": "\u85ac\u5c4b\u306e\u3072\u3068\u308a\u3054\u3068 2nd Season - TOHO animation STUDIO"}}, {"added": {"name": "anime_studio", "object": "\u85ac\u5c4b\u306e\u3072\u3068\u308a\u3054\u3068 2nd Season - OLM"}}]',7,1,'2025-01-05 09:10:43.290387');
INSERT INTO django_admin_log VALUES(13,'21','薬屋のひとりごと',1,'[{"added": {}}, {"added": {"name": "anime_seasons", "object": "\u85ac\u5c4b\u306e\u3072\u3068\u308a\u3054\u3068 - 2023 - \u79cb"}}, {"added": {"name": "anime_seasons", "object": "\u85ac\u5c4b\u306e\u3072\u3068\u308a\u3054\u3068 - 2024 - \u51ac"}}, {"added": {"name": "anime_studio", "object": "\u85ac\u5c4b\u306e\u3072\u3068\u308a\u3054\u3068 - TOHO animation STUDIO"}}, {"added": {"name": "anime_studio", "object": "\u85ac\u5c4b\u306e\u3072\u3068\u308a\u3054\u3068 - OLM"}}]',7,1,'2025-01-05 09:13:19.342569');
INSERT INTO django_admin_log VALUES(14,'20','薬屋のひとりごと 2nd Season',2,'[{"added": {"name": "anime_seasons", "object": "\u85ac\u5c4b\u306e\u3072\u3068\u308a\u3054\u3068 2nd Season - 2025 - \u51ac"}}]',7,1,'2025-01-05 09:13:37.613979');
INSERT INTO django_admin_log VALUES(15,'37','緑黄色社会',1,'[{"added": {}}]',8,1,'2025-01-05 09:14:16.868329');
INSERT INTO django_admin_log VALUES(16,'42','花になって',1,'[{"added": {}}]',16,1,'2025-01-05 09:14:18.428334');
INSERT INTO django_admin_log VALUES(17,'38','アイナ・ジ・エンド',1,'[{"added": {}}]',8,1,'2025-01-05 09:14:41.246468');
INSERT INTO django_admin_log VALUES(18,'43','アイコトバ',1,'[{"added": {}}]',16,1,'2025-01-05 09:14:42.545996');
INSERT INTO django_admin_log VALUES(19,'39','Uru',1,'[{"added": {}}]',8,1,'2025-01-05 09:15:04.126095');
INSERT INTO django_admin_log VALUES(20,'44','アンビバレント',1,'[{"added": {}}]',16,1,'2025-01-05 09:15:05.441251');
INSERT INTO django_admin_log VALUES(21,'40','wacci',1,'[{"added": {}}]',8,1,'2025-01-05 09:15:33.056075');
INSERT INTO django_admin_log VALUES(22,'45','愛は薬',1,'[{"added": {}}]',16,1,'2025-01-05 09:15:34.427180');
INSERT INTO django_admin_log VALUES(23,'21','薬屋のひとりごと',2,'[{"added": {"name": "anime-song \u306e\u95a2\u9023", "object": "Anime_songs object (42)"}}, {"added": {"name": "anime-song \u306e\u95a2\u9023", "object": "Anime_songs object (43)"}}, {"added": {"name": "anime-song \u306e\u95a2\u9023", "object": "Anime_songs object (44)"}}, {"added": {"name": "anime-song \u306e\u95a2\u9023", "object": "Anime_songs object (45)"}}]',7,1,'2025-01-05 09:15:37.425059');
INSERT INTO django_admin_log VALUES(24,'41','幾田りら',1,'[{"added": {}}]',8,1,'2025-01-05 09:16:16.714134');
INSERT INTO django_admin_log VALUES(25,'46','百花繚乱',1,'[{"added": {}}]',16,1,'2025-01-05 09:16:17.983063');
INSERT INTO django_admin_log VALUES(26,'42','平井大',1,'[{"added": {}}]',8,1,'2025-01-05 09:16:39.856067');
INSERT INTO django_admin_log VALUES(27,'47','幸せのレシピ',1,'[{"added": {}}]',16,1,'2025-01-05 09:16:40.851184');
INSERT INTO django_admin_log VALUES(28,'20','薬屋のひとりごと 2nd Season',2,'[{"added": {"name": "anime-song \u306e\u95a2\u9023", "object": "Anime_songs object (46)"}}, {"added": {"name": "anime-song \u306e\u95a2\u9023", "object": "Anime_songs object (47)"}}]',7,1,'2025-01-05 09:16:45.458466');
INSERT INTO django_admin_log VALUES(29,'17','悠木碧',1,'[{"added": {}}]',14,1,'2025-01-05 09:17:28.178537');
INSERT INTO django_admin_log VALUES(30,'18','大塚剛央',1,'[{"added": {}}]',14,1,'2025-01-05 09:17:48.975064');
INSERT INTO django_admin_log VALUES(31,'21','薬屋のひとりごと',2,'[{"added": {"name": "character", "object": "\u732b\u732b"}}, {"added": {"name": "character", "object": "\u58ec\u6c0f"}}]',7,1,'2025-01-05 09:17:51.850945');
INSERT INTO django_admin_log VALUES(32,'20','薬屋のひとりごと 2nd Season',2,'[{"added": {"name": "character", "object": "\u732b\u732b"}}, {"added": {"name": "character", "object": "\u58ec\u6c0f"}}]',7,1,'2025-01-05 09:18:24.975972');
INSERT INTO django_admin_log VALUES(33,'8','Sakamoto Days',1,'[{"added": {}}]',11,1,'2025-01-05 09:19:19.541481');
INSERT INTO django_admin_log VALUES(34,'11','トムス・エンタテインメント',1,'[{"added": {}}]',12,1,'2025-01-05 09:20:31.556921');
INSERT INTO django_admin_log VALUES(35,'22','Sakamoto Days',1,'[{"added": {}}, {"added": {"name": "anime_seasons", "object": "Sakamoto Days - 2025 - \u51ac"}}, {"added": {"name": "anime_studio", "object": "Sakamoto Days - \u30c8\u30e0\u30b9\u30fb\u30a8\u30f3\u30bf\u30c6\u30a4\u30f3\u30e1\u30f3\u30c8"}}]',7,1,'2025-01-05 09:20:36.950032');
INSERT INTO django_admin_log VALUES(36,'9','Dr.STONE',1,'[{"added": {}}]',11,1,'2025-01-05 09:22:23.659014');
INSERT INTO django_admin_log VALUES(37,'23','Dr.STONE SCIENCE FUTURE',1,'[{"added": {}}, {"added": {"name": "anime_seasons", "object": "Dr.STONE SCIENCE FUTURE - 2025 - \u51ac"}}, {"added": {"name": "anime_studio", "object": "Dr.STONE SCIENCE FUTURE - \u30c8\u30e0\u30b9\u30fb\u30a8\u30f3\u30bf\u30c6\u30a4\u30f3\u30e1\u30f3\u30c8"}}]',7,1,'2025-01-05 09:23:27.871098');
INSERT INTO django_admin_log VALUES(38,'11','TMSエンタテインメント',2,'[{"changed": {"fields": ["Name"]}}]',12,1,'2025-01-05 09:23:39.043716');
INSERT INTO django_admin_log VALUES(39,'23','Dr.STONE SCIENCE FUTURE',2,'[{"changed": {"fields": ["Start date"]}}]',7,1,'2025-01-05 09:23:53.930945');
INSERT INTO django_admin_log VALUES(40,'19','小林裕介',1,'[{"added": {}}]',14,1,'2025-01-05 09:27:17.812315');
INSERT INTO django_admin_log VALUES(41,'20','古川慎',1,'[{"added": {}}]',14,1,'2025-01-05 09:27:37.347072');
INSERT INTO django_admin_log VALUES(42,'21','市ノ瀬加那',1,'[{"added": {}}]',14,1,'2025-01-05 09:27:54.594436');
INSERT INTO django_admin_log VALUES(43,'22','河西健吾',1,'[{"added": {}}]',14,1,'2025-01-05 09:28:24.214406');
INSERT INTO django_admin_log VALUES(44,'23','沼倉愛美',1,'[{"added": {}}]',14,1,'2025-01-05 09:28:42.033062');
INSERT INTO django_admin_log VALUES(45,'24','佐藤元',1,'[{"added": {}}]',14,1,'2025-01-05 09:29:00.894366');
INSERT INTO django_admin_log VALUES(46,'43','清竜人',1,'[{"added": {}}]',8,1,'2025-01-05 09:30:07.116945');
INSERT INTO django_admin_log VALUES(47,'48','遥か',1,'[{"added": {}}]',16,1,'2025-01-05 09:30:08.460188');
INSERT INTO django_admin_log VALUES(48,'44','Anly',1,'[{"added": {}}]',8,1,'2025-01-05 09:30:36.029281');
INSERT INTO django_admin_log VALUES(49,'49','好きにしなよ',1,'[{"added": {}}]',16,1,'2025-01-05 09:30:37.390974');
INSERT INTO django_admin_log VALUES(50,'24','Dr.STONE NEW WORLD Part 2',1,'[{"added": {}}, {"added": {"name": "anime_seasons", "object": "Dr.STONE NEW WORLD Part 2 - 2023 - \u79cb"}}, {"added": {"name": "character", "object": "\u77f3\u795e \u5343\u7a7a"}}, {"added": {"name": "character", "object": "\u5927\u6728 \u5927\u6a39"}}, {"added": {"name": "character", "object": "\u5c0f\u5ddd \u6760"}}, {"added": {"name": "character", "object": "\u6d45\u9727 \u5e7b"}}, {"added": {"name": "character", "object": "\u30b3\u30cf\u30af"}}, {"added": {"name": "character", "object": "\u30af\u30ed\u30e0"}}, {"added": {"name": "anime-song \u306e\u95a2\u9023", "object": "Anime_songs object (48)"}}, {"added": {"name": "anime-song \u306e\u95a2\u9023", "object": "Anime_songs object (49)"}}, {"added": {"name": "anime_studio", "object": "Dr.STONE NEW WORLD Part 2 - TMS\u30a8\u30f3\u30bf\u30c6\u30a4\u30f3\u30e1\u30f3\u30c8"}}]',7,1,'2025-01-05 09:30:46.446848');
INSERT INTO django_admin_log VALUES(51,'45','BREIMEN',1,'[{"added": {}}]',8,1,'2025-01-05 09:31:19.344218');
INSERT INTO django_admin_log VALUES(52,'50','Rolling Stone',1,'[{"added": {}}]',16,1,'2025-01-05 09:31:21.535872');
INSERT INTO django_admin_log VALUES(53,'23','Dr.STONE SCIENCE FUTURE',2,'[{"added": {"name": "anime-song \u306e\u95a2\u9023", "object": "Anime_songs object (50)"}}]',7,1,'2025-01-05 09:31:24.309692');
INSERT INTO django_admin_log VALUES(54,'23','Dr.STONE SCIENCE FUTURE',2,'[{"changed": {"fields": ["Characters"]}}, {"added": {"name": "character", "object": "\u77f3\u795e \u5343\u7a7a"}}, {"added": {"name": "character", "object": "\u5927\u6728 \u5927\u6a39"}}, {"added": {"name": "character", "object": "\u5c0f\u5ddd \u6760"}}, {"added": {"name": "character", "object": "\u6d45\u9727 \u5e7b"}}]',7,1,'2025-01-05 09:32:43.041083');
INSERT INTO django_admin_log VALUES(55,'46','石崎ひゅーい',1,'[{"added": {}}]',8,1,'2025-01-05 09:36:00.022974');
INSERT INTO django_admin_log VALUES(56,'51','ワスレガタキ',1,'[{"added": {}}]',16,1,'2025-01-05 09:36:01.319450');
INSERT INTO django_admin_log VALUES(57,'47','OKAMOTO''S',1,'[{"added": {}}]',8,1,'2025-01-05 09:36:31.970875');
INSERT INTO django_admin_log VALUES(58,'52','Where Do We Go?',1,'[{"added": {}}]',16,1,'2025-01-05 09:36:33.150340');
INSERT INTO django_admin_log VALUES(59,'25','Dr.STONE NEW WORLD',1,'[{"added": {}}, {"added": {"name": "anime_seasons", "object": "Dr.STONE NEW WORLD - 2023 - \u6625"}}, {"added": {"name": "anime-song \u306e\u95a2\u9023", "object": "Anime_songs object (51)"}}, {"added": {"name": "anime-song \u306e\u95a2\u9023", "object": "Anime_songs object (52)"}}, {"added": {"name": "anime_studio", "object": "Dr.STONE NEW WORLD - TMS\u30a8\u30f3\u30bf\u30c6\u30a4\u30f3\u30e1\u30f3\u30c8"}}]',7,1,'2025-01-05 09:36:51.872630');
INSERT INTO django_admin_log VALUES(60,'25','Dr.STONE NEW WORLD',2,'[{"added": {"name": "character", "object": "\u77f3\u795e \u5343\u7a7a"}}, {"added": {"name": "character", "object": "\u5927\u6728 \u5927\u6a39"}}]',7,1,'2025-01-05 09:37:38.335855');
INSERT INTO django_admin_log VALUES(61,'26','Dr.STONE 龍水',1,'[{"added": {}}, {"added": {"name": "anime_seasons", "object": "Dr.STONE \u9f8d\u6c34 - 2022 - \u590f"}}, {"added": {"name": "anime_studio", "object": "Dr.STONE \u9f8d\u6c34 - TMS\u30a8\u30f3\u30bf\u30c6\u30a4\u30f3\u30e1\u30f3\u30c8"}}]',7,1,'2025-01-05 09:39:57.941686');
INSERT INTO django_admin_log VALUES(62,'27','Dr.STONE STONE WARS',1,'[{"added": {}}]',7,1,'2025-01-05 09:41:17.514805');
INSERT INTO django_admin_log VALUES(63,'27','Dr.STONE STONE WARS',2,'[{"changed": {"fields": ["End date", "Episode count", "Thumbnail"]}}, {"added": {"name": "anime_seasons", "object": "Dr.STONE STONE WARS - 2021 - \u51ac"}}, {"added": {"name": "anime_studio", "object": "Dr.STONE STONE WARS - TMS\u30a8\u30f3\u30bf\u30c6\u30a4\u30f3\u30e1\u30f3\u30c8"}}]',7,1,'2025-01-05 09:42:02.767442');
INSERT INTO django_admin_log VALUES(64,'28','Dr.STONE',1,'[{"added": {}}, {"added": {"name": "anime_seasons", "object": "Dr.STONE - 2019 - \u590f"}}, {"added": {"name": "anime_seasons", "object": "Dr.STONE - 2019 - \u79cb"}}, {"added": {"name": "anime_studio", "object": "Dr.STONE - TMS\u30a8\u30f3\u30bf\u30c6\u30a4\u30f3\u30e1\u30f3\u30c8"}}]',7,1,'2025-01-05 09:44:31.862379');
INSERT INTO django_admin_log VALUES(65,'24','Dr.STONE NEW WORLD Part 2',2,'[{"changed": {"fields": ["Thumbnail"]}}]',7,1,'2025-01-05 09:45:16.138748');
INSERT INTO django_admin_log VALUES(66,'10','わたしの幸せな結婚',1,'[{"added": {}}]',11,1,'2025-01-05 09:46:43.825403');
INSERT INTO django_admin_log VALUES(67,'12','キネマシトラス',1,'[{"added": {}}]',12,1,'2025-01-05 09:47:45.482425');
INSERT INTO django_admin_log VALUES(68,'29','わたしの幸せな結婚 2nd Season',1,'[{"added": {}}, {"added": {"name": "anime_seasons", "object": "\u308f\u305f\u3057\u306e\u5e78\u305b\u306a\u7d50\u5a5a 2nd Season - 2025 - \u51ac"}}, {"added": {"name": "anime_studio", "object": "\u308f\u305f\u3057\u306e\u5e78\u305b\u306a\u7d50\u5a5a 2nd Season - \u30ad\u30cd\u30de\u30b7\u30c8\u30e9\u30b9"}}]',7,1,'2025-01-05 09:47:46.913042');
INSERT INTO django_admin_log VALUES(69,'30','わたしの幸せな結婚',1,'[{"added": {}}, {"added": {"name": "anime_seasons", "object": "\u308f\u305f\u3057\u306e\u5e78\u305b\u306a\u7d50\u5a5a - 2023 - \u590f"}}, {"added": {"name": "anime_studio", "object": "\u308f\u305f\u3057\u306e\u5e78\u305b\u306a\u7d50\u5a5a - \u30ad\u30cd\u30de\u30b7\u30c8\u30e9\u30b9"}}]',7,1,'2025-01-05 09:49:47.020085');
INSERT INTO django_admin_log VALUES(70,'11','君のことが大大大大大好きな100人の彼女',1,'[{"added": {}}]',11,1,'2025-01-05 09:50:25.875213');
INSERT INTO django_admin_log VALUES(71,'13','バイブリーアニメーションスタジオ',1,'[{"added": {}}]',12,1,'2025-01-05 09:51:43.658081');
INSERT INTO django_admin_log VALUES(72,'31','君のことが大大大大大好きな100人の彼女 2nd Season',1,'[{"added": {}}, {"added": {"name": "anime_seasons", "object": "\u541b\u306e\u3053\u3068\u304c\u5927\u5927\u5927\u5927\u5927\u597d\u304d\u306a100\u4eba\u306e\u5f7c\u5973 2nd Season - 2025 - \u51ac"}}, {"added": {"name": "anime_studio", "object": "\u541b\u306e\u3053\u3068\u304c\u5927\u5927\u5927\u5927\u5927\u597d\u304d\u306a100\u4eba\u306e\u5f7c\u5973 2nd Season - \u30d0\u30a4\u30d6\u30ea\u30fc\u30a2\u30cb\u30e1\u30fc\u30b7\u30e7\u30f3\u30b9\u30bf\u30b8\u30aa"}}]',7,1,'2025-01-05 09:51:58.305084');
INSERT INTO django_admin_log VALUES(73,'32','君のことが大大大大大好きな100人の彼女',1,'[{"added": {}}, {"added": {"name": "anime_seasons", "object": "\u541b\u306e\u3053\u3068\u304c\u5927\u5927\u5927\u5927\u5927\u597d\u304d\u306a100\u4eba\u306e\u5f7c\u5973 - 2023 - \u79cb"}}, {"added": {"name": "anime_studio", "object": "\u541b\u306e\u3053\u3068\u304c\u5927\u5927\u5927\u5927\u5927\u597d\u304d\u306a100\u4eba\u306e\u5f7c\u5973 - \u30d0\u30a4\u30d6\u30ea\u30fc\u30a2\u30cb\u30e1\u30fc\u30b7\u30e7\u30f3\u30b9\u30bf\u30b8\u30aa"}}]',7,1,'2025-01-05 09:53:42.786570');
INSERT INTO django_admin_log VALUES(74,'12','天久鷹央の推理カルテ',1,'[{"added": {}}]',11,1,'2025-01-05 09:54:43.613061');
INSERT INTO django_admin_log VALUES(75,'14','project No.9',1,'[{"added": {}}]',12,1,'2025-01-05 09:55:54.027119');
INSERT INTO django_admin_log VALUES(76,'33','天久鷹央の推理カルテ',1,'[{"added": {}}, {"added": {"name": "anime_seasons", "object": "\u5929\u4e45\u9df9\u592e\u306e\u63a8\u7406\u30ab\u30eb\u30c6 - 2025 - \u51ac"}}, {"added": {"name": "anime_studio", "object": "\u5929\u4e45\u9df9\u592e\u306e\u63a8\u7406\u30ab\u30eb\u30c6 - project No.9"}}]',7,1,'2025-01-05 09:55:56.910106');
INSERT INTO django_admin_log VALUES(77,'13','カードファイト!! ヴァンガード',1,'[{"added": {}}]',11,1,'2025-01-05 09:57:12.962972');
INSERT INTO django_admin_log VALUES(78,'34','カードファイト!! ヴァンガード ディヴァインズ デラックス編',1,'[{"added": {}}, {"added": {"name": "anime_seasons", "object": "\u30ab\u30fc\u30c9\u30d5\u30a1\u30a4\u30c8!! \u30f4\u30a1\u30f3\u30ac\u30fc\u30c9 \u30c7\u30a3\u30f4\u30a1\u30a4\u30f3\u30ba \u30c7\u30e9\u30c3\u30af\u30b9\u7de8 - 2025 - \u51ac"}}]',7,1,'2025-01-05 09:58:40.147424');
CREATE TABLE IF NOT EXISTS "django_session" ("session_key" varchar(40) NOT NULL PRIMARY KEY, "session_data" text NOT NULL, "expire_date" datetime NOT NULL);
INSERT INTO django_session VALUES('4ea0re8mydw2sll8trip51oth569tmqx','.eJxVjDsOwjAQBe_iGln-YTaU9JwhWu-ucQDZUpxUiLtDpBTQvpl5LzXiupRx7TKPE6uzsurwuyWkh9QN8B3rrWlqdZmnpDdF77Tra2N5Xnb376BgL986mJjZeouMyR3J5-CjJTlhoAgByAUILMA4CGSTJGF0DrPnwSWIbNT7A_MYOIg:1tSAwd:BJ0Aqj2dcq2lqmtgqbFBlpP6ty4ibQ4JJnZ5I58Wjsk','2025-01-13 08:16:11.439305');
INSERT INTO django_session VALUES('9zs5kdsa8u32mmeeccovefcwhi3ae0o2','.eJxVjDsOwjAQBe_iGln-YTaU9JwhWu-ucQDZUpxUiLtDpBTQvpl5LzXiupRx7TKPE6uzsurwuyWkh9QN8B3rrWlqdZmnpDdF77Tra2N5Xnb376BgL986mJjZeouMyR3J5-CjJTlhoAgByAUILMA4CGSTJGF0DrPnwSWIbNT7A_MYOIg:1tUMAp:jqLZYkMSU1e4aiFeZ9fjMkNSQhPotD8Ip9VGKUKY9P0','2025-01-19 08:39:51.676231');
DELETE FROM sqlite_sequence;
INSERT INTO sqlite_sequence VALUES('django_migrations',23);
INSERT INTO sqlite_sequence VALUES('django_content_type',21);
INSERT INTO sqlite_sequence VALUES('auth_permission',84);
INSERT INTO sqlite_sequence VALUES('auth_group',0);
INSERT INTO sqlite_sequence VALUES('anime_tracker_seasons',89);
INSERT INTO sqlite_sequence VALUES('anime_tracker_genres',12);
INSERT INTO sqlite_sequence VALUES('anime_tracker_tags',16);
INSERT INTO sqlite_sequence VALUES('anime_tracker_users',4);
INSERT INTO sqlite_sequence VALUES('anime_tracker_series',13);
INSERT INTO sqlite_sequence VALUES('anime_tracker_anime_tags',15);
INSERT INTO sqlite_sequence VALUES('anime_tracker_anime_seasons',68);
INSERT INTO sqlite_sequence VALUES('anime_tracker_voiceactor',24);
INSERT INTO sqlite_sequence VALUES('anime_tracker_artist',47);
INSERT INTO sqlite_sequence VALUES('anime_tracker_song',52);
INSERT INTO sqlite_sequence VALUES('anime_tracker_studios',14);
INSERT INTO sqlite_sequence VALUES('anime_tracker_character',61);
INSERT INTO sqlite_sequence VALUES('anime_tracker_anime_songs',52);
INSERT INTO sqlite_sequence VALUES('anime_tracker_anime_studio',38);
INSERT INTO sqlite_sequence VALUES('anime_tracker_anime_characters',5);
INSERT INTO sqlite_sequence VALUES('anime_tracker_anime_genres',13);
INSERT INTO sqlite_sequence VALUES('anime_tracker_user_anime_relations',1);
INSERT INTO sqlite_sequence VALUES('anime_tracker_anime',34);
INSERT INTO sqlite_sequence VALUES('django_admin_log',78);
CREATE UNIQUE INDEX "django_content_type_app_label_model_76bd3d3b_uniq" ON "django_content_type" ("app_label", "model");
CREATE UNIQUE INDEX "auth_group_permissions_group_id_permission_id_0cd325b0_uniq" ON "auth_group_permissions" ("group_id", "permission_id");
CREATE INDEX "auth_group_permissions_group_id_b120cbf9" ON "auth_group_permissions" ("group_id");
CREATE INDEX "auth_group_permissions_permission_id_84c5c92e" ON "auth_group_permissions" ("permission_id");
CREATE UNIQUE INDEX "auth_permission_content_type_id_codename_01ab375a_uniq" ON "auth_permission" ("content_type_id", "codename");
CREATE INDEX "auth_permission_content_type_id_2f476e4b" ON "auth_permission" ("content_type_id");
CREATE UNIQUE INDEX "anime_tracker_users_groups_users_id_group_id_e0c12239_uniq" ON "anime_tracker_users_groups" ("users_id", "group_id");
CREATE INDEX "anime_tracker_users_groups_users_id_c9474984" ON "anime_tracker_users_groups" ("users_id");
CREATE INDEX "anime_tracker_users_groups_group_id_d1f69ee8" ON "anime_tracker_users_groups" ("group_id");
CREATE UNIQUE INDEX "anime_tracker_users_user_permissions_users_id_permission_id_13ac459e_uniq" ON "anime_tracker_users_user_permissions" ("users_id", "permission_id");
CREATE INDEX "anime_tracker_users_user_permissions_users_id_92b3418f" ON "anime_tracker_users_user_permissions" ("users_id");
CREATE INDEX "anime_tracker_users_user_permissions_permission_id_64e736bd" ON "anime_tracker_users_user_permissions" ("permission_id");
CREATE INDEX "anime_tracker_user_anime_relations_anime_id_id_4b00c912" ON "anime_tracker_user_anime_relations" ("anime_id_id");
CREATE INDEX "anime_tracker_user_anime_relations_user_id_id_08efced7" ON "anime_tracker_user_anime_relations" ("user_id_id");
CREATE INDEX "anime_tracker_song_artist_id_ebe8b702" ON "anime_tracker_song" ("artist_id");
CREATE INDEX "anime_tracker_character_anime_id_id_746cb41a" ON "anime_tracker_character" ("anime_id_id");
CREATE INDEX "anime_tracker_character_voice_actor_id_1bf76ed0" ON "anime_tracker_character" ("voice_actor_id");
CREATE INDEX "anime_tracker_anime_tags_anime_id_id_577a309c" ON "anime_tracker_anime_tags" ("anime_id_id");
CREATE INDEX "anime_tracker_anime_tags_tag_id_id_911decdc" ON "anime_tracker_anime_tags" ("tag_id_id");
CREATE INDEX "anime_tracker_anime_studio_anime_id_id_92236570" ON "anime_tracker_anime_studio" ("anime_id_id");
CREATE INDEX "anime_tracker_anime_studio_studio_id_id_ca768eee" ON "anime_tracker_anime_studio" ("studio_id_id");
CREATE INDEX "anime_tracker_anime_seasons_anime_id_id_c5893725" ON "anime_tracker_anime_seasons" ("anime_id_id");
CREATE INDEX "anime_tracker_anime_seasons_season_id_id_943b69a3" ON "anime_tracker_anime_seasons" ("season_id_id");
CREATE INDEX "anime_tracker_anime_genres_anime_id_id_e21c59b3" ON "anime_tracker_anime_genres" ("anime_id_id");
CREATE INDEX "anime_tracker_anime_genres_genre_id_id_513eb52b" ON "anime_tracker_anime_genres" ("genre_id_id");
CREATE UNIQUE INDEX "anime_tracker_anime_characters_anime_id_character_id_478098a1_uniq" ON "anime_tracker_anime_characters" ("anime_id", "character_id");
CREATE INDEX "anime_tracker_anime_characters_anime_id_7f753570" ON "anime_tracker_anime_characters" ("anime_id");
CREATE INDEX "anime_tracker_anime_characters_character_id_69dcd0ba" ON "anime_tracker_anime_characters" ("character_id");
CREATE UNIQUE INDEX "anime_tracker_anime_songs_anime_id_song_id_be858a72_uniq" ON "anime_tracker_anime_songs" ("anime_id", "song_id");
CREATE INDEX "anime_tracker_anime_songs_anime_id_f4fbe259" ON "anime_tracker_anime_songs" ("anime_id");
CREATE INDEX "anime_tracker_anime_songs_song_id_513631a9" ON "anime_tracker_anime_songs" ("song_id");
CREATE INDEX "anime_tracker_anime_series_id_id_3a7ece3d" ON "anime_tracker_anime" ("series_id_id");
CREATE INDEX "django_admin_log_content_type_id_c4bce8eb" ON "django_admin_log" ("content_type_id");
CREATE INDEX "django_admin_log_user_id_c564eba6" ON "django_admin_log" ("user_id");
CREATE INDEX "django_session_expire_date_a5c62663" ON "django_session" ("expire_date");
COMMIT;
