PRAGMA foreign_keys=OFF;
BEGIN TRANSACTION;
CREATE TABLE IF NOT EXISTS "django_migrations" ("id" integer NOT NULL PRIMARY KEY AUTOINCREMENT, "app" varchar(255) NOT NULL, "name" varchar(255) NOT NULL, "applied" datetime NOT NULL);
INSERT INTO django_migrations VALUES(1,'contenttypes','0001_initial','2024-12-30 08:14:01.104307');
INSERT INTO django_migrations VALUES(2,'contenttypes','0002_remove_content_type_name','2024-12-30 08:14:01.435790');
INSERT INTO django_migrations VALUES(3,'auth','0001_initial','2024-12-30 08:14:01.961640');
INSERT INTO django_migrations VALUES(4,'auth','0002_alter_permission_name_max_length','2024-12-30 08:14:02.279204');
INSERT INTO django_migrations VALUES(5,'auth','0003_alter_user_email_max_length','2024-12-30 08:14:02.547777');
INSERT INTO django_migrations VALUES(6,'auth','0004_alter_user_username_opts','2024-12-30 08:14:02.897747');
INSERT INTO django_migrations VALUES(7,'auth','0005_alter_user_last_login_null','2024-12-30 08:14:03.250153');
INSERT INTO django_migrations VALUES(8,'auth','0006_require_contenttypes_0002','2024-12-30 08:14:03.667724');
INSERT INTO django_migrations VALUES(9,'auth','0007_alter_validators_add_error_messages','2024-12-30 08:14:03.990177');
INSERT INTO django_migrations VALUES(10,'auth','0008_alter_user_username_max_length','2024-12-30 08:14:04.310567');
INSERT INTO django_migrations VALUES(11,'auth','0009_alter_user_last_name_max_length','2024-12-30 08:14:04.627222');
INSERT INTO django_migrations VALUES(12,'auth','0010_alter_group_name_max_length','2024-12-30 08:14:04.980688');
INSERT INTO django_migrations VALUES(13,'auth','0011_update_proxy_permissions','2024-12-30 08:14:05.329364');
INSERT INTO django_migrations VALUES(14,'auth','0012_alter_user_first_name_max_length','2024-12-30 08:14:05.697218');
INSERT INTO django_migrations VALUES(15,'anime_tracker','0001_initial','2024-12-30 08:14:06.309406');
INSERT INTO django_migrations VALUES(19,'sessions','0001_initial','2024-12-30 08:14:08.373643');
INSERT INTO django_migrations VALUES(22,'anime_tracker','0002_anime_genres_anime_seasons_anime_studios_anime_tags','2024-12-30 23:33:26.961126');
INSERT INTO django_migrations VALUES(23,'anime_tracker','0003_alter_seasons_season','2024-12-30 23:33:27.228771');
CREATE TABLE IF NOT EXISTS "django_content_type" ("id" integer NOT NULL PRIMARY KEY AUTOINCREMENT, "app_label" varchar(100) NOT NULL, "model" varchar(100) NOT NULL);
INSERT INTO django_content_type VALUES(1,'admin','logentry');
INSERT INTO django_content_type VALUES(2,'auth','permission');
INSERT INTO django_content_type VALUES(3,'auth','group');
INSERT INTO django_content_type VALUES(4,'contenttypes','contenttype');
INSERT INTO django_content_type VALUES(5,'sessions','session');
INSERT INTO django_content_type VALUES(6,'anime_tracker','users');
INSERT INTO django_content_type VALUES(7,'anime_tracker','anime');
INSERT INTO django_content_type VALUES(8,'anime_tracker','artist');
INSERT INTO django_content_type VALUES(9,'anime_tracker','genres');
INSERT INTO django_content_type VALUES(10,'anime_tracker','seasons');
INSERT INTO django_content_type VALUES(11,'anime_tracker','series');
INSERT INTO django_content_type VALUES(12,'anime_tracker','studios');
INSERT INTO django_content_type VALUES(13,'anime_tracker','tags');
INSERT INTO django_content_type VALUES(14,'anime_tracker','voiceactor');
INSERT INTO django_content_type VALUES(15,'anime_tracker','user_anime_relations');
INSERT INTO django_content_type VALUES(16,'anime_tracker','song');
INSERT INTO django_content_type VALUES(17,'anime_tracker','character');
INSERT INTO django_content_type VALUES(18,'anime_tracker','anime_tags');
INSERT INTO django_content_type VALUES(19,'anime_tracker','anime_studio');
INSERT INTO django_content_type VALUES(20,'anime_tracker','anime_seasons');
INSERT INTO django_content_type VALUES(21,'anime_tracker','anime_genres');
CREATE TABLE IF NOT EXISTS "auth_group_permissions" ("id" integer NOT NULL PRIMARY KEY AUTOINCREMENT, "group_id" integer NOT NULL REFERENCES "auth_group" ("id") DEFERRABLE INITIALLY DEFERRED, "permission_id" integer NOT NULL REFERENCES "auth_permission" ("id") DEFERRABLE INITIALLY DEFERRED);
CREATE TABLE IF NOT EXISTS "auth_permission" ("id" integer NOT NULL PRIMARY KEY AUTOINCREMENT, "content_type_id" integer NOT NULL REFERENCES "django_content_type" ("id") DEFERRABLE INITIALLY DEFERRED, "codename" varchar(100) NOT NULL, "name" varchar(255) NOT NULL);
INSERT INTO auth_permission VALUES(1,1,'add_logentry','Can add log entry');
INSERT INTO auth_permission VALUES(2,1,'change_logentry','Can change log entry');
INSERT INTO auth_permission VALUES(3,1,'delete_logentry','Can delete log entry');
INSERT INTO auth_permission VALUES(4,1,'view_logentry','Can view log entry');
INSERT INTO auth_permission VALUES(5,2,'add_permission','Can add permission');
INSERT INTO auth_permission VALUES(6,2,'change_permission','Can change permission');
INSERT INTO auth_permission VALUES(7,2,'delete_permission','Can delete permission');
INSERT INTO auth_permission VALUES(8,2,'view_permission','Can view permission');
INSERT INTO auth_permission VALUES(9,3,'add_group','Can add group');
INSERT INTO auth_permission VALUES(10,3,'change_group','Can change group');
INSERT INTO auth_permission VALUES(11,3,'delete_group','Can delete group');
INSERT INTO auth_permission VALUES(12,3,'view_group','Can view group');
INSERT INTO auth_permission VALUES(13,4,'add_contenttype','Can add content type');
INSERT INTO auth_permission VALUES(14,4,'change_contenttype','Can change content type');
INSERT INTO auth_permission VALUES(15,4,'delete_contenttype','Can delete content type');
INSERT INTO auth_permission VALUES(16,4,'view_contenttype','Can view content type');
INSERT INTO auth_permission VALUES(17,5,'add_session','Can add session');
INSERT INTO auth_permission VALUES(18,5,'change_session','Can change session');
INSERT INTO auth_permission VALUES(19,5,'delete_session','Can delete session');
INSERT INTO auth_permission VALUES(20,5,'view_session','Can view session');
INSERT INTO auth_permission VALUES(21,6,'add_users','Can add users');
INSERT INTO auth_permission VALUES(22,6,'change_users','Can change users');
INSERT INTO auth_permission VALUES(23,6,'delete_users','Can delete users');
INSERT INTO auth_permission VALUES(24,6,'view_users','Can view users');
INSERT INTO auth_permission VALUES(25,7,'add_anime','Can add anime');
INSERT INTO auth_permission VALUES(26,7,'change_anime','Can change anime');
INSERT INTO auth_permission VALUES(27,7,'delete_anime','Can delete anime');
INSERT INTO auth_permission VALUES(28,7,'view_anime','Can view anime');
INSERT INTO auth_permission VALUES(29,8,'add_artist','Can add artist');
INSERT INTO auth_permission VALUES(30,8,'change_artist','Can change artist');
INSERT INTO auth_permission VALUES(31,8,'delete_artist','Can delete artist');
INSERT INTO auth_permission VALUES(32,8,'view_artist','Can view artist');
INSERT INTO auth_permission VALUES(33,9,'add_genres','Can add genres');
INSERT INTO auth_permission VALUES(34,9,'change_genres','Can change genres');
INSERT INTO auth_permission VALUES(35,9,'delete_genres','Can delete genres');
INSERT INTO auth_permission VALUES(36,9,'view_genres','Can view genres');
INSERT INTO auth_permission VALUES(37,10,'add_seasons','Can add seasons');
INSERT INTO auth_permission VALUES(38,10,'change_seasons','Can change seasons');
INSERT INTO auth_permission VALUES(39,10,'delete_seasons','Can delete seasons');
INSERT INTO auth_permission VALUES(40,10,'view_seasons','Can view seasons');
INSERT INTO auth_permission VALUES(41,11,'add_series','Can add series');
INSERT INTO auth_permission VALUES(42,11,'change_series','Can change series');
INSERT INTO auth_permission VALUES(43,11,'delete_series','Can delete series');
INSERT INTO auth_permission VALUES(44,11,'view_series','Can view series');
INSERT INTO auth_permission VALUES(45,12,'add_studios','Can add studios');
INSERT INTO auth_permission VALUES(46,12,'change_studios','Can change studios');
INSERT INTO auth_permission VALUES(47,12,'delete_studios','Can delete studios');
INSERT INTO auth_permission VALUES(48,12,'view_studios','Can view studios');
INSERT INTO auth_permission VALUES(49,13,'add_tags','Can add tags');
INSERT INTO auth_permission VALUES(50,13,'change_tags','Can change tags');
INSERT INTO auth_permission VALUES(51,13,'delete_tags','Can delete tags');
INSERT INTO auth_permission VALUES(52,13,'view_tags','Can view tags');
INSERT INTO auth_permission VALUES(53,14,'add_voiceactor','Can add voice actor');
INSERT INTO auth_permission VALUES(54,14,'change_voiceactor','Can change voice actor');
INSERT INTO auth_permission VALUES(55,14,'delete_voiceactor','Can delete voice actor');
INSERT INTO auth_permission VALUES(56,14,'view_voiceactor','Can view voice actor');
INSERT INTO auth_permission VALUES(57,15,'add_user_anime_relations','Can add user_anime_relations');
INSERT INTO auth_permission VALUES(58,15,'change_user_anime_relations','Can change user_anime_relations');
INSERT INTO auth_permission VALUES(59,15,'delete_user_anime_relations','Can delete user_anime_relations');
INSERT INTO auth_permission VALUES(60,15,'view_user_anime_relations','Can view user_anime_relations');
INSERT INTO auth_permission VALUES(61,16,'add_song','Can add song');
INSERT INTO auth_permission VALUES(62,16,'change_song','Can change song');
INSERT INTO auth_permission VALUES(63,16,'delete_song','Can delete song');
INSERT INTO auth_permission VALUES(64,16,'view_song','Can view song');
INSERT INTO auth_permission VALUES(65,17,'add_character','Can add character');
INSERT INTO auth_permission VALUES(66,17,'change_character','Can change character');
INSERT INTO auth_permission VALUES(67,17,'delete_character','Can delete character');
INSERT INTO auth_permission VALUES(68,17,'view_character','Can view character');
INSERT INTO auth_permission VALUES(69,18,'add_anime_tags','Can add anime_tags');
INSERT INTO auth_permission VALUES(70,18,'change_anime_tags','Can change anime_tags');
INSERT INTO auth_permission VALUES(71,18,'delete_anime_tags','Can delete anime_tags');
INSERT INTO auth_permission VALUES(72,18,'view_anime_tags','Can view anime_tags');
INSERT INTO auth_permission VALUES(73,19,'add_anime_studio','Can add anime_studio');
INSERT INTO auth_permission VALUES(74,19,'change_anime_studio','Can change anime_studio');
INSERT INTO auth_permission VALUES(75,19,'delete_anime_studio','Can delete anime_studio');
INSERT INTO auth_permission VALUES(76,19,'view_anime_studio','Can view anime_studio');
INSERT INTO auth_permission VALUES(77,20,'add_anime_seasons','Can add anime_seasons');
INSERT INTO auth_permission VALUES(78,20,'change_anime_seasons','Can change anime_seasons');
INSERT INTO auth_permission VALUES(79,20,'delete_anime_seasons','Can delete anime_seasons');
INSERT INTO auth_permission VALUES(80,20,'view_anime_seasons','Can view anime_seasons');
INSERT INTO auth_permission VALUES(81,21,'add_anime_genres','Can add anime_genres');
INSERT INTO auth_permission VALUES(82,21,'change_anime_genres','Can change anime_genres');
INSERT INTO auth_permission VALUES(83,21,'delete_anime_genres','Can delete anime_genres');
INSERT INTO auth_permission VALUES(84,21,'view_anime_genres','Can view anime_genres');
CREATE TABLE IF NOT EXISTS "auth_group" ("id" integer NOT NULL PRIMARY KEY AUTOINCREMENT, "name" varchar(150) NOT NULL UNIQUE);
CREATE TABLE IF NOT EXISTS "anime_tracker_users" ("id" integer NOT NULL PRIMARY KEY AUTOINCREMENT, "password" varchar(128) NOT NULL, "last_login" datetime NULL, "is_superuser" bool NOT NULL, "nickname" varchar(128) NOT NULL, "email" varchar(255) NOT NULL UNIQUE, "is_active" bool NOT NULL, "is_staff" bool NOT NULL, "created_at" datetime NOT NULL, "updated_at" datetime NOT NULL);
INSERT INTO anime_tracker_users VALUES(1,'pbkdf2_sha256$390000$He8maLNE0uOKy3jqyEPdap$C7D/AArn4yN1UEUnRRsofQXHiGBEzwEtlKnunEmnflE=','2024-12-30 08:16:11.131039',1,'admin','admin@mail.com',1,1,'2024-12-30 08:15:43.572345','2024-12-30 08:15:43.572345');
CREATE TABLE IF NOT EXISTS "anime_tracker_users_groups" ("id" integer NOT NULL PRIMARY KEY AUTOINCREMENT, "users_id" bigint NOT NULL REFERENCES "anime_tracker_users" ("id") DEFERRABLE INITIALLY DEFERRED, "group_id" integer NOT NULL REFERENCES "auth_group" ("id") DEFERRABLE INITIALLY DEFERRED);
CREATE TABLE IF NOT EXISTS "anime_tracker_users_user_permissions" ("id" integer NOT NULL PRIMARY KEY AUTOINCREMENT, "users_id" bigint NOT NULL REFERENCES "anime_tracker_users" ("id") DEFERRABLE INITIALLY DEFERRED, "permission_id" integer NOT NULL REFERENCES "auth_permission" ("id") DEFERRABLE INITIALLY DEFERRED);
CREATE TABLE IF NOT EXISTS "anime_tracker_artist" ("id" integer NOT NULL PRIMARY KEY AUTOINCREMENT, "name" varchar(255) NOT NULL, "created_at" datetime NOT NULL, "updated_at" datetime NOT NULL);
INSERT INTO anime_tracker_artist VALUES(1,'Official髭男dism','2024-12-30 08:20:22.432213','2024-12-30 08:20:22.432213');
INSERT INTO anime_tracker_artist VALUES(2,'星野源','2024-12-30 08:20:48.184297','2024-12-30 08:20:48.184297');
INSERT INTO anime_tracker_artist VALUES(3,'BUMP OF CHICKEN','2024-12-30 08:24:35.878054','2024-12-30 08:24:35.878054');
INSERT INTO anime_tracker_artist VALUES(4,'yama','2024-12-30 08:24:52.719036','2024-12-30 08:24:52.720036');
INSERT INTO anime_tracker_artist VALUES(5,'Ado','2024-12-30 08:28:36.445789','2024-12-30 08:28:36.445789');
INSERT INTO anime_tracker_artist VALUES(6,'Vaundy feat.コーリー・ウォン','2024-12-30 08:29:52.197708','2024-12-30 08:29:52.197708');
INSERT INTO anime_tracker_artist VALUES(7,'LiSA','2024-12-30 08:36:22.386285','2024-12-30 08:36:22.386285');
INSERT INTO anime_tracker_artist VALUES(8,'Aimer','2024-12-30 08:45:40.508696','2024-12-30 08:45:40.508696');
INSERT INTO anime_tracker_artist VALUES(9,'MAN WITH A MISSION、milet','2024-12-30 08:48:53.372466','2024-12-30 08:48:53.372466');
INSERT INTO anime_tracker_artist VALUES(10,'MY FIRST STORY、HYDE','2024-12-30 08:52:13.252247','2024-12-30 08:52:13.252247');
INSERT INTO anime_tracker_artist VALUES(11,'MY FIRST STORY、HYDE','2024-12-30 08:54:11.433509','2024-12-30 08:54:11.433509');
INSERT INTO anime_tracker_artist VALUES(12,'HYDE, MY FIRST STORY','2024-12-30 08:54:34.591226','2024-12-30 08:54:34.591226');
INSERT INTO anime_tracker_artist VALUES(13,'ポルノグラフィティ','2024-12-30 09:00:55.858890','2024-12-30 09:00:55.858890');
INSERT INTO anime_tracker_artist VALUES(14,'ブライアン・ザ・サン','2024-12-30 09:01:15.467656','2024-12-30 09:01:15.467656');
INSERT INTO anime_tracker_artist VALUES(15,'米津玄師','2024-12-30 09:05:05.335564','2024-12-30 09:05:05.335564');
INSERT INTO anime_tracker_artist VALUES(16,'amazarashi','2024-12-30 09:05:31.954378','2024-12-30 09:05:31.954378');
INSERT INTO anime_tracker_artist VALUES(17,'Little Glee Monster','2024-12-30 09:05:55.697359','2024-12-30 09:05:55.697359');
INSERT INTO anime_tracker_artist VALUES(18,'UVERworld','2024-12-30 09:10:23.003190','2024-12-30 09:10:23.003190');
INSERT INTO anime_tracker_artist VALUES(19,'レニー・コード・フィクション','2024-12-30 09:10:52.812028','2024-12-30 09:10:52.812028');
INSERT INTO anime_tracker_artist VALUES(20,'miwa','2024-12-30 09:11:22.888218','2024-12-30 09:11:22.888218');
INSERT INTO anime_tracker_artist VALUES(21,'菅田将暉','2024-12-30 09:11:46.292292','2024-12-30 09:11:46.292292');
INSERT INTO anime_tracker_artist VALUES(22,'BLUE ENCOUNT','2024-12-30 09:17:08.693182','2024-12-30 09:17:08.693182');
INSERT INTO anime_tracker_artist VALUES(23,'KANA-BOON','2024-12-30 09:17:26.396639','2024-12-30 09:17:26.396639');
INSERT INTO anime_tracker_artist VALUES(24,'Sayuri','2024-12-30 09:18:00.111610','2024-12-30 09:18:00.111610');
INSERT INTO anime_tracker_artist VALUES(25,'緑黄色社会','2024-12-30 09:18:18.725125','2024-12-30 09:18:18.725125');
INSERT INTO anime_tracker_artist VALUES(26,'Creepy Nuts','2024-12-30 09:40:04.239117','2024-12-30 09:40:04.239117');
INSERT INTO anime_tracker_artist VALUES(27,'ZUTOMAYO','2024-12-30 09:40:32.638094','2024-12-30 09:40:32.638094');
INSERT INTO anime_tracker_artist VALUES(28,'Orange Range','2024-12-30 11:23:43.462582','2024-12-30 11:23:43.462582');
INSERT INTO anime_tracker_artist VALUES(29,'High and Mighty Color','2024-12-30 11:24:34.602292','2024-12-30 11:24:34.602292');
INSERT INTO anime_tracker_artist VALUES(30,'ビート・クルセイダーズ','2024-12-30 11:24:58.858948','2024-12-30 11:24:58.858948');
INSERT INTO anime_tracker_artist VALUES(31,'YUI','2024-12-30 11:25:29.975228','2024-12-30 11:25:29.975228');
INSERT INTO anime_tracker_artist VALUES(32,'Aqua Timez','2024-12-30 11:25:52.300033','2024-12-30 11:25:52.300033');
INSERT INTO anime_tracker_artist VALUES(33,'ASIAN KUNG-FU GENERATION','2024-12-30 11:26:35.583412','2024-12-30 11:26:35.583412');
INSERT INTO anime_tracker_artist VALUES(34,'ケルン','2024-12-30 11:27:04.622135','2024-12-30 11:27:04.622135');
INSERT INTO anime_tracker_artist VALUES(35,'SIX LOUNGE','2024-12-30 11:34:39.425578','2024-12-30 11:34:39.425578');
INSERT INTO anime_tracker_artist VALUES(36,'水槽','2024-12-30 11:35:06.229609','2024-12-30 11:35:06.229609');
CREATE TABLE IF NOT EXISTS "anime_tracker_genres" ("id" integer NOT NULL PRIMARY KEY AUTOINCREMENT, "name" varchar(255) NOT NULL, "created_at" datetime NOT NULL, "updated_at" datetime NOT NULL);
INSERT INTO anime_tracker_genres VALUES(1,'SF/ファンタジー','2024-12-30 08:15:02.452077','2024-12-30 08:15:02.452077');
INSERT INTO anime_tracker_genres VALUES(2,'ロボット/メカ','2024-12-30 08:15:02.768949','2024-12-30 08:15:02.768949');
INSERT INTO anime_tracker_genres VALUES(3,'アクション/バトル','2024-12-30 08:15:03.087117','2024-12-30 08:15:03.087117');
INSERT INTO anime_tracker_genres VALUES(4,'コメディ/ギャグ','2024-12-30 08:15:03.405615','2024-12-30 08:15:03.405615');
INSERT INTO anime_tracker_genres VALUES(5,'恋愛/ラブコメ','2024-12-30 08:15:03.800800','2024-12-30 08:15:03.800800');
INSERT INTO anime_tracker_genres VALUES(6,'日常/ほのぼの','2024-12-30 08:15:04.120102','2024-12-30 08:15:04.120102');
INSERT INTO anime_tracker_genres VALUES(7,'スポーツ/競技','2024-12-30 08:15:04.437528','2024-12-30 08:15:04.437528');
INSERT INTO anime_tracker_genres VALUES(8,'ホラー/サスペンス/推理','2024-12-30 08:15:04.756921','2024-12-30 08:15:04.756921');
INSERT INTO anime_tracker_genres VALUES(9,'歴史/戦記','2024-12-30 08:15:05.172703','2024-12-30 08:15:05.172703');
INSERT INTO anime_tracker_genres VALUES(10,'戦争/ミリタリー','2024-12-30 08:15:05.493559','2024-12-30 08:15:05.493559');
INSERT INTO anime_tracker_genres VALUES(11,'ドラマ／青春','2024-12-30 08:15:05.810812','2024-12-30 08:15:05.810812');
INSERT INTO anime_tracker_genres VALUES(12,'ショート','2024-12-30 08:15:06.174743','2024-12-30 08:15:06.174743');
CREATE TABLE IF NOT EXISTS "anime_tracker_seasons" ("id" integer NOT NULL PRIMARY KEY AUTOINCREMENT, "year" integer NOT NULL, "season" integer NOT NULL, "created_at" datetime NOT NULL, "updated_at" datetime NOT NULL);
INSERT INTO anime_tracker_seasons VALUES(1,2003,0,'2024-12-30 08:14:33.712687','2024-12-30 08:14:33.712687');
INSERT INTO anime_tracker_seasons VALUES(2,2003,1,'2024-12-30 08:14:34.065238','2024-12-30 08:14:34.065238');
INSERT INTO anime_tracker_seasons VALUES(3,2003,2,'2024-12-30 08:14:34.382242','2024-12-30 08:14:34.382242');
INSERT INTO anime_tracker_seasons VALUES(4,2003,3,'2024-12-30 08:14:34.689484','2024-12-30 08:14:34.689484');
INSERT INTO anime_tracker_seasons VALUES(5,2004,0,'2024-12-30 08:14:35.007825','2024-12-30 08:14:35.007825');
INSERT INTO anime_tracker_seasons VALUES(6,2004,1,'2024-12-30 08:14:35.199107','2024-12-30 08:14:35.199107');
INSERT INTO anime_tracker_seasons VALUES(7,2004,2,'2024-12-30 08:14:35.380026','2024-12-30 08:14:35.380026');
INSERT INTO anime_tracker_seasons VALUES(8,2004,3,'2024-12-30 08:14:35.686574','2024-12-30 08:14:35.686574');
INSERT INTO anime_tracker_seasons VALUES(9,2005,0,'2024-12-30 08:14:35.994190','2024-12-30 08:14:35.995194');
INSERT INTO anime_tracker_seasons VALUES(10,2005,1,'2024-12-30 08:14:36.312115','2024-12-30 08:14:36.312115');
INSERT INTO anime_tracker_seasons VALUES(11,2005,2,'2024-12-30 08:14:36.630438','2024-12-30 08:14:36.630438');
INSERT INTO anime_tracker_seasons VALUES(12,2005,3,'2024-12-30 08:14:36.949693','2024-12-30 08:14:36.949693');
INSERT INTO anime_tracker_seasons VALUES(13,2006,0,'2024-12-30 08:14:37.323814','2024-12-30 08:14:37.323814');
INSERT INTO anime_tracker_seasons VALUES(14,2006,1,'2024-12-30 08:14:37.674545','2024-12-30 08:14:37.674545');
INSERT INTO anime_tracker_seasons VALUES(15,2006,2,'2024-12-30 08:14:38.026203','2024-12-30 08:14:38.027183');
INSERT INTO anime_tracker_seasons VALUES(16,2006,3,'2024-12-30 08:14:38.378426','2024-12-30 08:14:38.378426');
INSERT INTO anime_tracker_seasons VALUES(17,2007,0,'2024-12-30 08:14:38.729513','2024-12-30 08:14:38.729513');
INSERT INTO anime_tracker_seasons VALUES(18,2007,1,'2024-12-30 08:14:39.069402','2024-12-30 08:14:39.069402');
INSERT INTO anime_tracker_seasons VALUES(19,2007,2,'2024-12-30 08:14:39.487995','2024-12-30 08:14:39.487995');
INSERT INTO anime_tracker_seasons VALUES(20,2007,3,'2024-12-30 08:14:39.895961','2024-12-30 08:14:39.895961');
INSERT INTO anime_tracker_seasons VALUES(21,2008,0,'2024-12-30 08:14:40.258335','2024-12-30 08:14:40.259332');
INSERT INTO anime_tracker_seasons VALUES(22,2008,1,'2024-12-30 08:14:40.632513','2024-12-30 08:14:40.632513');
INSERT INTO anime_tracker_seasons VALUES(23,2008,2,'2024-12-30 08:14:40.984138','2024-12-30 08:14:40.984138');
INSERT INTO anime_tracker_seasons VALUES(24,2008,3,'2024-12-30 08:14:41.336257','2024-12-30 08:14:41.336257');
INSERT INTO anime_tracker_seasons VALUES(25,2009,0,'2024-12-30 08:14:41.687536','2024-12-30 08:14:41.688536');
INSERT INTO anime_tracker_seasons VALUES(26,2009,1,'2024-12-30 08:14:42.039272','2024-12-30 08:14:42.039272');
INSERT INTO anime_tracker_seasons VALUES(27,2009,2,'2024-12-30 08:14:42.390886','2024-12-30 08:14:42.391887');
INSERT INTO anime_tracker_seasons VALUES(28,2009,3,'2024-12-30 08:14:42.743323','2024-12-30 08:14:42.743323');
INSERT INTO anime_tracker_seasons VALUES(29,2010,0,'2024-12-30 08:14:43.193314','2024-12-30 08:14:43.193314');
INSERT INTO anime_tracker_seasons VALUES(30,2010,1,'2024-12-30 08:14:43.512634','2024-12-30 08:14:43.512634');
INSERT INTO anime_tracker_seasons VALUES(31,2010,2,'2024-12-30 08:14:43.831369','2024-12-30 08:14:43.831369');
INSERT INTO anime_tracker_seasons VALUES(32,2010,3,'2024-12-30 08:14:44.148453','2024-12-30 08:14:44.148453');
INSERT INTO anime_tracker_seasons VALUES(33,2011,0,'2024-12-30 08:14:44.340100','2024-12-30 08:14:44.340100');
INSERT INTO anime_tracker_seasons VALUES(34,2011,1,'2024-12-30 08:14:44.588904','2024-12-30 08:14:44.588904');
INSERT INTO anime_tracker_seasons VALUES(35,2011,2,'2024-12-30 08:14:44.907514','2024-12-30 08:14:44.907514');
INSERT INTO anime_tracker_seasons VALUES(36,2011,3,'2024-12-30 08:14:45.295108','2024-12-30 08:14:45.295108');
INSERT INTO anime_tracker_seasons VALUES(37,2012,0,'2024-12-30 08:14:45.612190','2024-12-30 08:14:45.612190');
INSERT INTO anime_tracker_seasons VALUES(38,2012,1,'2024-12-30 08:14:45.930528','2024-12-30 08:14:45.930528');
INSERT INTO anime_tracker_seasons VALUES(39,2012,2,'2024-12-30 08:14:46.271278','2024-12-30 08:14:46.271278');
INSERT INTO anime_tracker_seasons VALUES(40,2012,3,'2024-12-30 08:14:46.689374','2024-12-30 08:14:46.689374');
INSERT INTO anime_tracker_seasons VALUES(41,2013,0,'2024-12-30 08:14:47.040948','2024-12-30 08:14:47.040948');
INSERT INTO anime_tracker_seasons VALUES(42,2013,1,'2024-12-30 08:14:47.359310','2024-12-30 08:14:47.360313');
INSERT INTO anime_tracker_seasons VALUES(43,2013,2,'2024-12-30 08:14:47.677818','2024-12-30 08:14:47.677818');
INSERT INTO anime_tracker_seasons VALUES(44,2013,3,'2024-12-30 08:14:47.996506','2024-12-30 08:14:47.996506');
INSERT INTO anime_tracker_seasons VALUES(45,2014,0,'2024-12-30 08:14:48.314455','2024-12-30 08:14:48.315481');
INSERT INTO anime_tracker_seasons VALUES(46,2014,1,'2024-12-30 08:14:48.681939','2024-12-30 08:14:48.681939');
INSERT INTO anime_tracker_seasons VALUES(47,2014,2,'2024-12-30 08:14:49.028821','2024-12-30 08:14:49.029830');
INSERT INTO anime_tracker_seasons VALUES(48,2014,3,'2024-12-30 08:14:49.347320','2024-12-30 08:14:49.347320');
INSERT INTO anime_tracker_seasons VALUES(49,2015,0,'2024-12-30 08:14:49.665177','2024-12-30 08:14:49.665177');
INSERT INTO anime_tracker_seasons VALUES(50,2015,1,'2024-12-30 08:14:49.972817','2024-12-30 08:14:49.972817');
INSERT INTO anime_tracker_seasons VALUES(51,2015,2,'2024-12-30 08:14:50.291733','2024-12-30 08:14:50.291733');
INSERT INTO anime_tracker_seasons VALUES(52,2015,3,'2024-12-30 08:14:50.632401','2024-12-30 08:14:50.632401');
INSERT INTO anime_tracker_seasons VALUES(53,2016,0,'2024-12-30 08:14:50.949702','2024-12-30 08:14:50.949702');
INSERT INTO anime_tracker_seasons VALUES(54,2016,1,'2024-12-30 08:14:51.268075','2024-12-30 08:14:51.268075');
INSERT INTO anime_tracker_seasons VALUES(55,2016,2,'2024-12-30 08:14:51.575262','2024-12-30 08:14:51.575262');
INSERT INTO anime_tracker_seasons VALUES(56,2016,3,'2024-12-30 08:14:51.882394','2024-12-30 08:14:51.882394');
INSERT INTO anime_tracker_seasons VALUES(57,2017,0,'2024-12-30 08:14:52.201721','2024-12-30 08:14:52.201721');
INSERT INTO anime_tracker_seasons VALUES(58,2017,1,'2024-12-30 08:14:52.520242','2024-12-30 08:14:52.520242');
INSERT INTO anime_tracker_seasons VALUES(59,2017,2,'2024-12-30 08:14:52.837219','2024-12-30 08:14:52.837219');
INSERT INTO anime_tracker_seasons VALUES(60,2017,3,'2024-12-30 08:14:53.155800','2024-12-30 08:14:53.155800');
INSERT INTO anime_tracker_seasons VALUES(61,2018,0,'2024-12-30 08:14:53.474672','2024-12-30 08:14:53.474672');
INSERT INTO anime_tracker_seasons VALUES(62,2018,1,'2024-12-30 08:14:53.792452','2024-12-30 08:14:53.792452');
INSERT INTO anime_tracker_seasons VALUES(63,2018,2,'2024-12-30 08:14:54.326435','2024-12-30 08:14:54.326435');
INSERT INTO anime_tracker_seasons VALUES(64,2018,3,'2024-12-30 08:14:54.642362','2024-12-30 08:14:54.643365');
INSERT INTO anime_tracker_seasons VALUES(65,2019,0,'2024-12-30 08:14:54.962042','2024-12-30 08:14:54.962042');
INSERT INTO anime_tracker_seasons VALUES(66,2019,1,'2024-12-30 08:14:55.140946','2024-12-30 08:14:55.140946');
INSERT INTO anime_tracker_seasons VALUES(67,2019,2,'2024-12-30 08:14:55.412264','2024-12-30 08:14:55.412264');
INSERT INTO anime_tracker_seasons VALUES(68,2019,3,'2024-12-30 08:14:55.719600','2024-12-30 08:14:55.719600');
INSERT INTO anime_tracker_seasons VALUES(69,2020,0,'2024-12-30 08:14:56.026777','2024-12-30 08:14:56.027755');
INSERT INTO anime_tracker_seasons VALUES(70,2020,1,'2024-12-30 08:14:56.345132','2024-12-30 08:14:56.345132');
INSERT INTO anime_tracker_seasons VALUES(71,2020,2,'2024-12-30 08:14:56.663662','2024-12-30 08:14:56.663662');
INSERT INTO anime_tracker_seasons VALUES(72,2020,3,'2024-12-30 08:14:56.981756','2024-12-30 08:14:56.981756');
INSERT INTO anime_tracker_seasons VALUES(73,2021,0,'2024-12-30 08:14:57.300181','2024-12-30 08:14:57.300181');
INSERT INTO anime_tracker_seasons VALUES(74,2021,1,'2024-12-30 08:14:57.607250','2024-12-30 08:14:57.607250');
INSERT INTO anime_tracker_seasons VALUES(75,2021,2,'2024-12-30 08:14:57.938085','2024-12-30 08:14:57.938085');
INSERT INTO anime_tracker_seasons VALUES(76,2021,3,'2024-12-30 08:14:58.255029','2024-12-30 08:14:58.255029');
INSERT INTO anime_tracker_seasons VALUES(77,2022,0,'2024-12-30 08:14:58.574191','2024-12-30 08:14:58.574191');
INSERT INTO anime_tracker_seasons VALUES(78,2022,1,'2024-12-30 08:14:58.892325','2024-12-30 08:14:58.892325');
INSERT INTO anime_tracker_seasons VALUES(79,2022,2,'2024-12-30 08:14:59.209929','2024-12-30 08:14:59.209929');
INSERT INTO anime_tracker_seasons VALUES(80,2022,3,'2024-12-30 08:14:59.583834','2024-12-30 08:14:59.583834');
INSERT INTO anime_tracker_seasons VALUES(81,2023,0,'2024-12-30 08:14:59.902447','2024-12-30 08:14:59.903428');
INSERT INTO anime_tracker_seasons VALUES(82,2023,1,'2024-12-30 08:15:00.242501','2024-12-30 08:15:00.242501');
INSERT INTO anime_tracker_seasons VALUES(83,2023,2,'2024-12-30 08:15:00.549900','2024-12-30 08:15:00.549900');
INSERT INTO anime_tracker_seasons VALUES(84,2023,3,'2024-12-30 08:15:00.869764','2024-12-30 08:15:00.869764');
INSERT INTO anime_tracker_seasons VALUES(85,2024,0,'2024-12-30 08:15:01.186429','2024-12-30 08:15:01.186429');
INSERT INTO anime_tracker_seasons VALUES(86,2024,1,'2024-12-30 08:15:01.493739','2024-12-30 08:15:01.493739');
INSERT INTO anime_tracker_seasons VALUES(87,2024,2,'2024-12-30 08:15:01.812243','2024-12-30 08:15:01.812243');
INSERT INTO anime_tracker_seasons VALUES(88,2024,3,'2024-12-30 08:15:02.131216','2024-12-30 08:15:02.131216');
CREATE TABLE IF NOT EXISTS "anime_tracker_series" ("id" integer NOT NULL PRIMARY KEY AUTOINCREMENT, "title" varchar(255) NOT NULL);
INSERT INTO anime_tracker_series VALUES(1,'SPY×FAMILY');
INSERT INTO anime_tracker_series VALUES(2,'鬼滅の刃');
INSERT INTO anime_tracker_series VALUES(3,'僕のヒーローアカデミア');
INSERT INTO anime_tracker_series VALUES(4,'ダンダダン');
INSERT INTO anime_tracker_series VALUES(5,'BLEACH');
CREATE TABLE IF NOT EXISTS "anime_tracker_studios" ("id" integer NOT NULL PRIMARY KEY AUTOINCREMENT, "name" varchar(255) NOT NULL, "created_at" datetime NOT NULL, "updated_at" datetime NOT NULL);
INSERT INTO anime_tracker_studios VALUES(1,'CloverWorks','2024-12-30 08:21:27.611577','2024-12-30 08:21:27.611577');
INSERT INTO anime_tracker_studios VALUES(2,'WIT STUDIO','2024-12-30 08:21:40.072241','2024-12-30 08:21:40.072241');
INSERT INTO anime_tracker_studios VALUES(3,'ufotable','2024-12-30 08:38:45.094126','2024-12-30 08:38:45.094126');
INSERT INTO anime_tracker_studios VALUES(4,'ボンズ','2024-12-30 09:02:02.124607','2024-12-30 09:02:02.124607');
INSERT INTO anime_tracker_studios VALUES(5,'サイエンスSARU','2024-12-30 09:40:54.742514','2024-12-30 09:40:54.742514');
INSERT INTO anime_tracker_studios VALUES(6,'ぴえろ','2024-12-30 11:23:02.677593','2024-12-30 11:23:02.677593');
INSERT INTO anime_tracker_studios VALUES(7,'ピエロフィルム','2024-12-30 11:35:25.968587','2024-12-30 11:35:25.968587');
CREATE TABLE IF NOT EXISTS "anime_tracker_tags" ("id" integer NOT NULL PRIMARY KEY AUTOINCREMENT, "name" varchar(255) NOT NULL, "created_at" datetime NOT NULL, "updated_at" datetime NOT NULL);
INSERT INTO anime_tracker_tags VALUES(1,'泣ける','2024-12-30 08:15:06.410903','2024-12-30 08:15:06.410903');
INSERT INTO anime_tracker_tags VALUES(2,'心温まる','2024-12-30 08:15:06.682698','2024-12-30 08:15:06.682698');
INSERT INTO anime_tracker_tags VALUES(3,'家族愛','2024-12-30 08:15:07.077553','2024-12-30 08:15:07.078549');
INSERT INTO anime_tracker_tags VALUES(4,'鬱展開','2024-12-30 08:15:07.396131','2024-12-30 08:15:07.396131');
INSERT INTO anime_tracker_tags VALUES(5,'暇つぶし','2024-12-30 08:15:07.714479','2024-12-30 08:15:07.714479');
INSERT INTO anime_tracker_tags VALUES(6,'神作画','2024-12-30 08:15:08.032945','2024-12-30 08:15:08.032945');
INSERT INTO anime_tracker_tags VALUES(7,'悲劇的結末','2024-12-30 08:15:08.406830','2024-12-30 08:15:08.406830');
INSERT INTO anime_tracker_tags VALUES(8,'どんでん返し','2024-12-30 08:15:08.757207','2024-12-30 08:15:08.757207');
INSERT INTO anime_tracker_tags VALUES(9,'笑える','2024-12-30 08:15:09.098172','2024-12-30 08:15:09.099171');
INSERT INTO anime_tracker_tags VALUES(10,'衝撃的な展開','2024-12-30 08:15:09.417062','2024-12-30 08:15:09.417062');
INSERT INTO anime_tracker_tags VALUES(11,'タイムリープ','2024-12-30 08:15:09.735598','2024-12-30 08:15:09.735598');
INSERT INTO anime_tracker_tags VALUES(12,'異世界転生','2024-12-30 08:15:10.052486','2024-12-30 08:15:10.052486');
INSERT INTO anime_tracker_tags VALUES(13,'復讐','2024-12-30 08:15:10.372202','2024-12-30 08:15:10.372202');
INSERT INTO anime_tracker_tags VALUES(14,'デスゲーム','2024-12-30 08:15:10.738499','2024-12-30 08:15:10.738499');
INSERT INTO anime_tracker_tags VALUES(15,'成長物語','2024-12-30 08:15:11.108465','2024-12-30 08:15:11.108465');
INSERT INTO anime_tracker_tags VALUES(16,'音楽が魅力的','2024-12-30 08:15:11.514002','2024-12-30 08:15:11.514002');
CREATE TABLE IF NOT EXISTS "anime_tracker_voiceactor" ("id" integer NOT NULL PRIMARY KEY AUTOINCREMENT, "name" varchar(255) NOT NULL, "created_at" datetime NOT NULL, "updated_at" datetime NOT NULL);
INSERT INTO anime_tracker_voiceactor VALUES(1,'江口拓也','2024-12-30 08:19:02.977055','2024-12-30 08:19:02.977055');
INSERT INTO anime_tracker_voiceactor VALUES(2,'種﨑敦美','2024-12-30 08:19:28.434386','2024-12-30 08:19:28.434386');
INSERT INTO anime_tracker_voiceactor VALUES(3,'早見沙織','2024-12-30 08:19:52.321146','2024-12-30 08:19:52.321146');
INSERT INTO anime_tracker_voiceactor VALUES(4,'花江夏樹','2024-12-30 08:34:18.095420','2024-12-30 08:34:18.095420');
INSERT INTO anime_tracker_voiceactor VALUES(5,'鬼頭明里','2024-12-30 08:34:44.194302','2024-12-30 08:34:44.194302');
INSERT INTO anime_tracker_voiceactor VALUES(6,'下野紘','2024-12-30 08:35:07.046365','2024-12-30 08:35:07.046365');
INSERT INTO anime_tracker_voiceactor VALUES(7,'松岡禎丞','2024-12-30 08:35:31.997339','2024-12-30 08:35:31.997339');
INSERT INTO anime_tracker_voiceactor VALUES(8,'櫻井孝宏','2024-12-30 08:35:59.041306','2024-12-30 08:35:59.041306');
INSERT INTO anime_tracker_voiceactor VALUES(9,'山下大輝','2024-12-30 08:59:44.217754','2024-12-30 08:59:44.217754');
INSERT INTO anime_tracker_voiceactor VALUES(10,'三宅健太','2024-12-30 09:00:05.495717','2024-12-30 09:00:05.495717');
INSERT INTO anime_tracker_voiceactor VALUES(11,'岡本信彦','2024-12-30 09:00:22.317377','2024-12-30 09:00:22.317377');
INSERT INTO anime_tracker_voiceactor VALUES(12,'佐倉綾音','2024-12-30 09:00:39.305291','2024-12-30 09:00:39.305291');
INSERT INTO anime_tracker_voiceactor VALUES(13,'若山詩音','2024-12-30 09:38:15.880812','2024-12-30 09:38:15.880812');
INSERT INTO anime_tracker_voiceactor VALUES(14,'水樹奈々','2024-12-30 09:39:04.846129','2024-12-30 09:39:04.846129');
INSERT INTO anime_tracker_voiceactor VALUES(15,'田中真弓','2024-12-30 09:39:41.027153','2024-12-30 09:39:41.027153');
INSERT INTO anime_tracker_voiceactor VALUES(16,'森田成一','2024-12-30 11:27:52.095979','2024-12-30 11:27:52.095979');
CREATE TABLE IF NOT EXISTS "anime_tracker_user_anime_relations" ("id" integer NOT NULL PRIMARY KEY AUTOINCREMENT, "status" integer NOT NULL, "rating" real NOT NULL, "created_at" datetime NOT NULL, "updated_at" datetime NOT NULL, "anime_id_id" bigint NULL REFERENCES "anime_tracker_anime" ("id") DEFERRABLE INITIALLY DEFERRED, "user_id_id" bigint NULL REFERENCES "anime_tracker_users" ("id") DEFERRABLE INITIALLY DEFERRED);
INSERT INTO anime_tracker_user_anime_relations VALUES(1,3,0.0,'2024-12-30 09:44:13.403063','2024-12-30 09:58:59.267890',13,1);
CREATE TABLE IF NOT EXISTS "anime_tracker_song" ("id" integer NOT NULL PRIMARY KEY AUTOINCREMENT, "title" varchar(255) NOT NULL, "song_type" integer NOT NULL, "note" varchar(255) NULL, "artist_id" bigint NULL REFERENCES "anime_tracker_artist" ("id") DEFERRABLE INITIALLY DEFERRED);
INSERT INTO anime_tracker_song VALUES(1,'ミックスナッツ',0,NULL,1);
INSERT INTO anime_tracker_song VALUES(2,'喜劇',1,NULL,2);
INSERT INTO anime_tracker_song VALUES(3,'SOUVENIR',0,NULL,3);
INSERT INTO anime_tracker_song VALUES(4,'色彩',1,NULL,4);
INSERT INTO anime_tracker_song VALUES(5,'クラクラ',0,NULL,5);
INSERT INTO anime_tracker_song VALUES(6,'トドメの一撃',1,NULL,6);
INSERT INTO anime_tracker_song VALUES(7,'紅蓮華',0,NULL,7);
INSERT INTO anime_tracker_song VALUES(8,'from the edge',1,NULL,7);
INSERT INTO anime_tracker_song VALUES(9,'炎',1,NULL,7);
INSERT INTO anime_tracker_song VALUES(10,'残響残歌',0,NULL,8);
INSERT INTO anime_tracker_song VALUES(11,'朝が来る',1,NULL,8);
INSERT INTO anime_tracker_song VALUES(12,'絆の奇跡',0,NULL,9);
INSERT INTO anime_tracker_song VALUES(13,'恋コガレ',0,NULL,9);
INSERT INTO anime_tracker_song VALUES(14,'夢幻',0,NULL,11);
INSERT INTO anime_tracker_song VALUES(15,'永久 -トコシエ-',1,NULL,12);
INSERT INTO anime_tracker_song VALUES(16,'The Day',0,NULL,13);
INSERT INTO anime_tracker_song VALUES(17,'HEROES',0,NULL,14);
INSERT INTO anime_tracker_song VALUES(18,'ピースサイン',0,NULL,15);
INSERT INTO anime_tracker_song VALUES(19,'空に歌えば',0,NULL,16);
INSERT INTO anime_tracker_song VALUES(20,'だから、ひとりじゃない',1,NULL,17);
INSERT INTO anime_tracker_song VALUES(21,'だってアタシのヒーロー。',1,NULL,7);
INSERT INTO anime_tracker_song VALUES(22,'ODD FUTURE',0,NULL,18);
INSERT INTO anime_tracker_song VALUES(23,'Make my story',0,NULL,19);
INSERT INTO anime_tracker_song VALUES(24,'アップデート',1,NULL,20);
INSERT INTO anime_tracker_song VALUES(25,'ロングホープ・フィリア',1,NULL,21);
INSERT INTO anime_tracker_song VALUES(26,'ポラリス',0,NULL,22);
INSERT INTO anime_tracker_song VALUES(27,'スターマーカー',0,NULL,23);
INSERT INTO anime_tracker_song VALUES(28,'航海の唄',0,NULL,24);
INSERT INTO anime_tracker_song VALUES(29,'Shout Baby',0,NULL,25);
INSERT INTO anime_tracker_song VALUES(30,'オトノケ',0,NULL,26);
INSERT INTO anime_tracker_song VALUES(31,'TAIDADA',1,NULL,27);
INSERT INTO anime_tracker_song VALUES(32,'*Asterisk (*～アスタリスク～)',0,NULL,28);
INSERT INTO anime_tracker_song VALUES(33,'D-tecnolife',0,NULL,18);
INSERT INTO anime_tracker_song VALUES(34,'一輪の花',0,NULL,29);
INSERT INTO anime_tracker_song VALUES(35,'Tonight, Tonight, Tonight',0,NULL,30);
INSERT INTO anime_tracker_song VALUES(36,'ローリングスター',0,NULL,31);
INSERT INTO anime_tracker_song VALUES(37,'ALONES',0,NULL,32);
INSERT INTO anime_tracker_song VALUES(38,'アフターダーク',0,NULL,33);
INSERT INTO anime_tracker_song VALUES(39,'CHU-BURA',0,NULL,34);
INSERT INTO anime_tracker_song VALUES(40,'言葉にしなくても',0,NULL,35);
INSERT INTO anime_tracker_song VALUES(41,'MONOCHROME',1,NULL,36);
CREATE TABLE IF NOT EXISTS "anime_tracker_character" ("id" integer NOT NULL PRIMARY KEY AUTOINCREMENT, "name" varchar(255) NOT NULL, "created_at" datetime NOT NULL, "updated_at" datetime NOT NULL, "anime_id_id" bigint NULL REFERENCES "anime_tracker_anime" ("id") DEFERRABLE INITIALLY DEFERRED, "voice_actor_id" bigint NULL REFERENCES "anime_tracker_voiceactor" ("id") DEFERRABLE INITIALLY DEFERRED);
INSERT INTO anime_tracker_character VALUES(1,'ロイド・フォージャー','2024-12-30 08:21:48.260173','2024-12-30 08:21:48.261177',1,1);
INSERT INTO anime_tracker_character VALUES(2,'アーニャ・フォージャー','2024-12-30 08:21:48.262174','2024-12-30 08:21:48.262174',1,2);
INSERT INTO anime_tracker_character VALUES(3,'ヨル・フォージャー','2024-12-30 08:21:48.263174','2024-12-30 08:21:48.263174',1,3);
INSERT INTO anime_tracker_character VALUES(4,'ロイド・フォージャー','2024-12-30 08:25:17.671876','2024-12-30 08:25:17.671876',2,1);
INSERT INTO anime_tracker_character VALUES(5,'アーニャ・フォージャー','2024-12-30 08:25:17.672876','2024-12-30 08:25:17.672876',2,2);
INSERT INTO anime_tracker_character VALUES(6,'ヨル','2024-12-30 08:25:17.673878','2024-12-30 08:25:17.673878',2,3);
INSERT INTO anime_tracker_character VALUES(7,'ロイド・フォージャー','2024-12-30 08:30:15.707473','2024-12-30 08:30:15.707473',3,1);
INSERT INTO anime_tracker_character VALUES(8,'アーニャ・フォージャー','2024-12-30 08:30:15.707473','2024-12-30 08:30:15.708473',3,2);
INSERT INTO anime_tracker_character VALUES(9,'ヨル・フォージャー','2024-12-30 08:30:15.708473','2024-12-30 08:30:15.708473',3,3);
INSERT INTO anime_tracker_character VALUES(10,'竈門 炭治郎','2024-12-30 08:38:52.500017','2024-12-30 08:38:52.500017',4,4);
INSERT INTO anime_tracker_character VALUES(11,'竈門 禰󠄀豆子','2024-12-30 08:38:52.501019','2024-12-30 08:38:52.501019',4,5);
INSERT INTO anime_tracker_character VALUES(12,'我妻 善逸','2024-12-30 08:38:52.502019','2024-12-30 08:38:52.502019',4,6);
INSERT INTO anime_tracker_character VALUES(13,'嘴平 伊之助','2024-12-30 08:38:52.502019','2024-12-30 08:38:52.502019',4,7);
INSERT INTO anime_tracker_character VALUES(14,'冨岡 義勇','2024-12-30 08:38:52.503018','2024-12-30 08:38:52.503018',4,8);
INSERT INTO anime_tracker_character VALUES(15,'竈門 炭治郎','2024-12-30 08:42:55.178087','2024-12-30 08:42:55.178087',5,4);
INSERT INTO anime_tracker_character VALUES(16,'竈門 禰󠄀豆子','2024-12-30 08:42:55.179087','2024-12-30 08:42:55.179087',5,5);
INSERT INTO anime_tracker_character VALUES(17,'我妻 善逸','2024-12-30 08:42:55.180087','2024-12-30 08:42:55.180087',5,7);
INSERT INTO anime_tracker_character VALUES(18,'嘴平 伊之助','2024-12-30 08:42:55.180087','2024-12-30 08:42:55.180087',5,7);
INSERT INTO anime_tracker_character VALUES(19,'竈門 炭治郎','2024-12-30 08:46:12.660224','2024-12-30 08:46:12.660224',6,4);
INSERT INTO anime_tracker_character VALUES(20,'竈門 禰󠄀豆子','2024-12-30 08:46:12.661225','2024-12-30 08:46:12.661225',6,5);
INSERT INTO anime_tracker_character VALUES(21,'我妻 善逸','2024-12-30 08:46:12.661225','2024-12-30 08:46:12.661225',6,6);
INSERT INTO anime_tracker_character VALUES(22,'嘴平 伊之助','2024-12-30 08:46:12.662224','2024-12-30 08:46:12.662224',6,7);
INSERT INTO anime_tracker_character VALUES(23,'竈門 炭治郎','2024-12-30 08:49:51.172269','2024-12-30 08:49:51.172269',7,4);
INSERT INTO anime_tracker_character VALUES(24,'竈門 禰󠄀豆子','2024-12-30 08:49:51.173268','2024-12-30 08:49:51.173268',7,5);
INSERT INTO anime_tracker_character VALUES(25,'竈門 炭治郎','2024-12-30 08:54:53.414740','2024-12-30 08:54:53.414740',8,4);
INSERT INTO anime_tracker_character VALUES(26,'竈門 禰󠄀豆子','2024-12-30 08:54:53.415739','2024-12-30 08:54:53.415739',8,5);
INSERT INTO anime_tracker_character VALUES(27,'緑谷 出久','2024-12-30 09:02:04.206295','2024-12-30 09:02:04.206295',9,9);
INSERT INTO anime_tracker_character VALUES(28,'オールマイト','2024-12-30 09:02:04.207291','2024-12-30 09:02:04.207291',9,10);
INSERT INTO anime_tracker_character VALUES(29,'爆豪 勝己','2024-12-30 09:02:04.207291','2024-12-30 09:02:04.207291',9,11);
INSERT INTO anime_tracker_character VALUES(30,'麗日 お茶子','2024-12-30 09:02:04.207291','2024-12-30 09:02:04.208292',9,12);
INSERT INTO anime_tracker_character VALUES(31,'緑谷出久','2024-12-30 09:06:50.057361','2024-12-30 09:06:50.057361',10,9);
INSERT INTO anime_tracker_character VALUES(32,'爆豪勝己','2024-12-30 09:06:50.058361','2024-12-30 09:06:50.058361',10,11);
INSERT INTO anime_tracker_character VALUES(33,'麗日お茶子','2024-12-30 09:06:50.058361','2024-12-30 09:06:50.058361',10,12);
INSERT INTO anime_tracker_character VALUES(34,'オールマイト','2024-12-30 09:06:50.059364','2024-12-30 09:06:50.059364',10,10);
INSERT INTO anime_tracker_character VALUES(35,'緑谷出久','2024-12-30 09:11:53.437923','2024-12-30 09:11:53.437923',11,9);
INSERT INTO anime_tracker_character VALUES(36,'爆豪勝己','2024-12-30 09:11:53.438926','2024-12-30 09:11:53.438926',11,11);
INSERT INTO anime_tracker_character VALUES(37,'麗日お茶子','2024-12-30 09:11:53.438926','2024-12-30 09:11:53.438926',11,12);
INSERT INTO anime_tracker_character VALUES(38,'オールマイト','2024-12-30 09:11:53.439925','2024-12-30 09:11:53.439925',11,10);
INSERT INTO anime_tracker_character VALUES(39,'緑谷出久','2024-12-30 09:18:37.030501','2024-12-30 09:18:37.030501',12,9);
INSERT INTO anime_tracker_character VALUES(40,'綾瀬桃','2024-12-30 09:40:56.551076','2024-12-30 09:40:56.551076',13,13);
INSERT INTO anime_tracker_character VALUES(41,'オカルン／高倉健','2024-12-30 09:40:56.553080','2024-12-30 09:40:56.553080',13,4);
INSERT INTO anime_tracker_character VALUES(42,'綾瀬星子','2024-12-30 09:40:56.553080','2024-12-30 09:40:56.553080',13,14);
INSERT INTO anime_tracker_character VALUES(43,'白鳥愛羅','2024-12-30 09:40:56.554078','2024-12-30 09:40:56.554078',13,12);
INSERT INTO anime_tracker_character VALUES(44,'ターボババア','2024-12-30 09:40:56.554078','2024-12-30 09:40:56.554078',13,15);
INSERT INTO anime_tracker_character VALUES(45,'黒崎一護','2024-12-30 11:27:55.464116','2024-12-30 11:27:55.464116',14,16);
CREATE TABLE IF NOT EXISTS "anime_tracker_anime_tags" ("id" integer NOT NULL PRIMARY KEY AUTOINCREMENT, "created_at" datetime NOT NULL, "updated_at" datetime NOT NULL, "anime_id_id" bigint NULL REFERENCES "anime_tracker_anime" ("id") DEFERRABLE INITIALLY DEFERRED, "tag_id_id" bigint NULL REFERENCES "anime_tracker_tags" ("id") DEFERRABLE INITIALLY DEFERRED);
INSERT INTO anime_tracker_anime_tags VALUES(1,'2024-12-30 08:18:31.453185','2024-12-30 08:18:31.453185',1,3);
INSERT INTO anime_tracker_anime_tags VALUES(2,'2024-12-30 08:25:17.670878','2024-12-30 08:25:17.670878',2,3);
INSERT INTO anime_tracker_anime_tags VALUES(3,'2024-12-30 08:30:15.705473','2024-12-30 08:30:15.705473',3,3);
INSERT INTO anime_tracker_anime_tags VALUES(4,'2024-12-30 08:38:52.498017','2024-12-30 08:38:52.498017',4,1);
INSERT INTO anime_tracker_anime_tags VALUES(5,'2024-12-30 08:38:52.499017','2024-12-30 08:38:52.499017',4,6);
INSERT INTO anime_tracker_anime_tags VALUES(6,'2024-12-30 08:46:12.658224','2024-12-30 08:46:12.658224',6,6);
INSERT INTO anime_tracker_anime_tags VALUES(7,'2024-12-30 08:49:51.171269','2024-12-30 08:49:51.171269',7,1);
INSERT INTO anime_tracker_anime_tags VALUES(8,'2024-12-30 08:49:51.172269','2024-12-30 08:49:51.172269',7,3);
INSERT INTO anime_tracker_anime_tags VALUES(9,'2024-12-30 08:54:53.389410','2024-12-30 08:54:53.389410',8,6);
INSERT INTO anime_tracker_anime_tags VALUES(10,'2024-12-30 09:02:04.204290','2024-12-30 09:02:04.204290',9,6);
INSERT INTO anime_tracker_anime_tags VALUES(11,'2024-12-30 09:11:53.435925','2024-12-30 09:11:53.435925',11,6);
INSERT INTO anime_tracker_anime_tags VALUES(12,'2024-12-30 09:18:37.029502','2024-12-30 09:18:37.029502',12,1);
INSERT INTO anime_tracker_anime_tags VALUES(13,'2024-12-30 09:41:59.188641','2024-12-30 09:41:59.188641',13,6);
INSERT INTO anime_tracker_anime_tags VALUES(14,'2024-12-30 09:41:59.189688','2024-12-30 09:41:59.189688',13,1);
INSERT INTO anime_tracker_anime_tags VALUES(15,'2024-12-30 09:41:59.190687','2024-12-30 09:41:59.190687',13,9);
CREATE TABLE IF NOT EXISTS "anime_tracker_anime_studio" ("id" integer NOT NULL PRIMARY KEY AUTOINCREMENT, "created_at" datetime NOT NULL, "updated_at" datetime NOT NULL, "anime_id_id" bigint NULL REFERENCES "anime_tracker_anime" ("id") DEFERRABLE INITIALLY DEFERRED, "studio_id_id" bigint NULL REFERENCES "anime_tracker_studios" ("id") DEFERRABLE INITIALLY DEFERRED);
INSERT INTO anime_tracker_anime_studio VALUES(1,'2024-12-30 08:21:48.265174','2024-12-30 08:21:48.265174',1,1);
INSERT INTO anime_tracker_anime_studio VALUES(2,'2024-12-30 08:21:48.266176','2024-12-30 08:21:48.266176',1,2);
INSERT INTO anime_tracker_anime_studio VALUES(3,'2024-12-30 08:25:17.674876','2024-12-30 08:25:17.674876',2,1);
INSERT INTO anime_tracker_anime_studio VALUES(4,'2024-12-30 08:25:17.675876','2024-12-30 08:25:17.675876',2,2);
INSERT INTO anime_tracker_anime_studio VALUES(5,'2024-12-30 08:30:15.709473','2024-12-30 08:30:15.709473',3,1);
INSERT INTO anime_tracker_anime_studio VALUES(6,'2024-12-30 08:30:15.710473','2024-12-30 08:30:15.710473',3,2);
INSERT INTO anime_tracker_anime_studio VALUES(7,'2024-12-30 08:38:52.504020','2024-12-30 08:38:52.504020',4,3);
INSERT INTO anime_tracker_anime_studio VALUES(8,'2024-12-30 08:42:55.182087','2024-12-30 08:42:55.182087',5,3);
INSERT INTO anime_tracker_anime_studio VALUES(9,'2024-12-30 08:46:12.663225','2024-12-30 08:46:12.663225',6,3);
INSERT INTO anime_tracker_anime_studio VALUES(10,'2024-12-30 08:49:51.175272','2024-12-30 08:49:51.175272',7,3);
INSERT INTO anime_tracker_anime_studio VALUES(11,'2024-12-30 08:54:53.417741','2024-12-30 08:54:53.417741',8,3);
INSERT INTO anime_tracker_anime_studio VALUES(12,'2024-12-30 09:02:04.209292','2024-12-30 09:02:04.209292',9,4);
INSERT INTO anime_tracker_anime_studio VALUES(13,'2024-12-30 09:06:50.061361','2024-12-30 09:06:50.061361',10,4);
INSERT INTO anime_tracker_anime_studio VALUES(14,'2024-12-30 09:11:53.440926','2024-12-30 09:11:53.441924',11,4);
INSERT INTO anime_tracker_anime_studio VALUES(15,'2024-12-30 09:18:37.032501','2024-12-30 09:18:37.032501',12,4);
INSERT INTO anime_tracker_anime_studio VALUES(16,'2024-12-30 09:40:56.557078','2024-12-30 09:40:56.557078',13,5);
INSERT INTO anime_tracker_anime_studio VALUES(17,'2024-12-30 11:27:08.186142','2024-12-30 11:27:08.186142',14,6);
INSERT INTO anime_tracker_anime_studio VALUES(18,'2024-12-30 11:30:42.245402','2024-12-30 11:30:42.245402',15,6);
INSERT INTO anime_tracker_anime_studio VALUES(19,'2024-12-30 11:32:46.668634','2024-12-30 11:32:46.668634',16,6);
INSERT INTO anime_tracker_anime_studio VALUES(20,'2024-12-30 11:35:27.889528','2024-12-30 11:35:27.889528',17,7);
CREATE TABLE IF NOT EXISTS "anime_tracker_anime_seasons" ("id" integer NOT NULL PRIMARY KEY AUTOINCREMENT, "created_at" datetime NOT NULL, "updated_at" datetime NOT NULL, "anime_id_id" bigint NULL REFERENCES "anime_tracker_anime" ("id") DEFERRABLE INITIALLY DEFERRED, "season_id_id" bigint NULL REFERENCES "anime_tracker_seasons" ("id") DEFERRABLE INITIALLY DEFERRED);
INSERT INTO anime_tracker_anime_seasons VALUES(1,'2024-12-30 08:18:31.454183','2024-12-30 08:18:31.454183',1,78);
INSERT INTO anime_tracker_anime_seasons VALUES(2,'2024-12-30 08:25:17.671876','2024-12-30 08:25:17.671876',2,80);
INSERT INTO anime_tracker_anime_seasons VALUES(3,'2024-12-30 08:30:15.706474','2024-12-30 08:30:15.706474',3,84);
INSERT INTO anime_tracker_anime_seasons VALUES(4,'2024-12-30 08:38:52.499017','2024-12-30 08:38:52.499017',4,66);
INSERT INTO anime_tracker_anime_seasons VALUES(5,'2024-12-30 08:38:52.500017','2024-12-30 08:38:52.500017',4,67);
INSERT INTO anime_tracker_anime_seasons VALUES(6,'2024-12-30 08:46:12.659224','2024-12-30 08:46:12.659224',6,77);
INSERT INTO anime_tracker_anime_seasons VALUES(7,'2024-12-30 08:49:51.172269','2024-12-30 08:49:51.172269',7,82);
INSERT INTO anime_tracker_anime_seasons VALUES(8,'2024-12-30 08:54:53.413741','2024-12-30 08:54:53.413741',8,86);
INSERT INTO anime_tracker_anime_seasons VALUES(9,'2024-12-30 09:02:04.205291','2024-12-30 09:02:04.205291',9,54);
INSERT INTO anime_tracker_anime_seasons VALUES(10,'2024-12-30 09:06:50.055363','2024-12-30 09:06:50.055363',10,58);
INSERT INTO anime_tracker_anime_seasons VALUES(11,'2024-12-30 09:06:50.056362','2024-12-30 09:06:50.056362',10,59);
INSERT INTO anime_tracker_anime_seasons VALUES(12,'2024-12-30 09:11:53.436925','2024-12-30 09:11:53.436925',11,62);
INSERT INTO anime_tracker_anime_seasons VALUES(13,'2024-12-30 09:11:53.436925','2024-12-30 09:11:53.436925',11,63);
INSERT INTO anime_tracker_anime_seasons VALUES(14,'2024-12-30 09:18:37.030501','2024-12-30 09:18:37.030501',12,72);
INSERT INTO anime_tracker_anime_seasons VALUES(15,'2024-12-30 09:41:16.959619','2024-12-30 09:41:16.959619',13,88);
INSERT INTO anime_tracker_anime_seasons VALUES(16,'2024-12-30 11:22:50.093037','2024-12-30 11:22:50.093037',14,8);
INSERT INTO anime_tracker_anime_seasons VALUES(17,'2024-12-30 11:22:50.126375','2024-12-30 11:22:50.126375',14,9);
INSERT INTO anime_tracker_anime_seasons VALUES(18,'2024-12-30 11:22:50.127376','2024-12-30 11:22:50.127376',14,10);
INSERT INTO anime_tracker_anime_seasons VALUES(19,'2024-12-30 11:22:50.127376','2024-12-30 11:22:50.127376',14,11);
INSERT INTO anime_tracker_anime_seasons VALUES(20,'2024-12-30 11:22:50.128375','2024-12-30 11:22:50.128375',14,12);
INSERT INTO anime_tracker_anime_seasons VALUES(21,'2024-12-30 11:22:50.128375','2024-12-30 11:22:50.128375',14,13);
INSERT INTO anime_tracker_anime_seasons VALUES(22,'2024-12-30 11:22:50.129375','2024-12-30 11:22:50.129375',14,14);
INSERT INTO anime_tracker_anime_seasons VALUES(23,'2024-12-30 11:22:50.130375','2024-12-30 11:22:50.130375',14,15);
INSERT INTO anime_tracker_anime_seasons VALUES(24,'2024-12-30 11:22:50.131376','2024-12-30 11:22:50.131376',14,16);
INSERT INTO anime_tracker_anime_seasons VALUES(25,'2024-12-30 11:22:50.131376','2024-12-30 11:22:50.132375',14,17);
INSERT INTO anime_tracker_anime_seasons VALUES(26,'2024-12-30 11:22:50.132542','2024-12-30 11:22:50.132542',14,18);
INSERT INTO anime_tracker_anime_seasons VALUES(27,'2024-12-30 11:22:50.133539','2024-12-30 11:22:50.133539',14,19);
INSERT INTO anime_tracker_anime_seasons VALUES(28,'2024-12-30 11:22:50.133539','2024-12-30 11:22:50.133539',14,20);
INSERT INTO anime_tracker_anime_seasons VALUES(29,'2024-12-30 11:22:50.134539','2024-12-30 11:22:50.134539',14,21);
INSERT INTO anime_tracker_anime_seasons VALUES(30,'2024-12-30 11:22:50.134539','2024-12-30 11:22:50.134539',14,22);
INSERT INTO anime_tracker_anime_seasons VALUES(31,'2024-12-30 11:22:50.135540','2024-12-30 11:22:50.135540',14,23);
INSERT INTO anime_tracker_anime_seasons VALUES(32,'2024-12-30 11:22:50.135540','2024-12-30 11:22:50.135540',14,24);
INSERT INTO anime_tracker_anime_seasons VALUES(33,'2024-12-30 11:22:50.136540','2024-12-30 11:22:50.136540',14,25);
INSERT INTO anime_tracker_anime_seasons VALUES(34,'2024-12-30 11:22:50.136540','2024-12-30 11:22:50.136540',14,26);
INSERT INTO anime_tracker_anime_seasons VALUES(35,'2024-12-30 11:22:50.137540','2024-12-30 11:22:50.137540',14,27);
INSERT INTO anime_tracker_anime_seasons VALUES(36,'2024-12-30 11:22:50.137540','2024-12-30 11:22:50.137540',14,28);
INSERT INTO anime_tracker_anime_seasons VALUES(37,'2024-12-30 11:22:50.138539','2024-12-30 11:22:50.138539',14,29);
INSERT INTO anime_tracker_anime_seasons VALUES(38,'2024-12-30 11:22:50.138539','2024-12-30 11:22:50.138539',14,30);
INSERT INTO anime_tracker_anime_seasons VALUES(39,'2024-12-30 11:22:50.138539','2024-12-30 11:22:50.138539',14,31);
INSERT INTO anime_tracker_anime_seasons VALUES(40,'2024-12-30 11:22:50.139540','2024-12-30 11:22:50.139540',14,32);
INSERT INTO anime_tracker_anime_seasons VALUES(41,'2024-12-30 11:22:50.139540','2024-12-30 11:22:50.140539',14,33);
INSERT INTO anime_tracker_anime_seasons VALUES(42,'2024-12-30 11:22:50.140539','2024-12-30 11:22:50.140539',14,34);
INSERT INTO anime_tracker_anime_seasons VALUES(43,'2024-12-30 11:22:50.141537','2024-12-30 11:22:50.141537',14,35);
INSERT INTO anime_tracker_anime_seasons VALUES(44,'2024-12-30 11:22:50.141537','2024-12-30 11:22:50.141537',14,36);
INSERT INTO anime_tracker_anime_seasons VALUES(45,'2024-12-30 11:22:50.142537','2024-12-30 11:22:50.142537',14,37);
INSERT INTO anime_tracker_anime_seasons VALUES(46,'2024-12-30 11:30:42.244405','2024-12-30 11:30:42.244405',15,80);
INSERT INTO anime_tracker_anime_seasons VALUES(47,'2024-12-30 11:32:46.667634','2024-12-30 11:32:46.667634',16,83);
INSERT INTO anime_tracker_anime_seasons VALUES(48,'2024-12-30 11:35:27.887529','2024-12-30 11:35:27.887529',17,88);
CREATE TABLE IF NOT EXISTS "anime_tracker_anime_genres" ("id" integer NOT NULL PRIMARY KEY AUTOINCREMENT, "created_at" datetime NOT NULL, "updated_at" datetime NOT NULL, "anime_id_id" bigint NULL REFERENCES "anime_tracker_anime" ("id") DEFERRABLE INITIALLY DEFERRED, "genre_id_id" bigint NULL REFERENCES "anime_tracker_genres" ("id") DEFERRABLE INITIALLY DEFERRED);
INSERT INTO anime_tracker_anime_genres VALUES(1,'2024-12-30 08:38:52.497019','2024-12-30 08:38:52.497019',4,3);
INSERT INTO anime_tracker_anime_genres VALUES(2,'2024-12-30 08:46:12.657225','2024-12-30 08:46:12.657225',6,3);
INSERT INTO anime_tracker_anime_genres VALUES(3,'2024-12-30 08:49:51.170268','2024-12-30 08:49:51.170268',7,3);
INSERT INTO anime_tracker_anime_genres VALUES(4,'2024-12-30 08:54:53.388409','2024-12-30 08:54:53.388409',8,3);
INSERT INTO anime_tracker_anime_genres VALUES(5,'2024-12-30 09:02:04.203290','2024-12-30 09:02:04.203290',9,3);
INSERT INTO anime_tracker_anime_genres VALUES(6,'2024-12-30 09:11:53.434925','2024-12-30 09:11:53.434925',11,3);
INSERT INTO anime_tracker_anime_genres VALUES(7,'2024-12-30 09:18:37.028504','2024-12-30 09:18:37.028504',12,3);
INSERT INTO anime_tracker_anime_genres VALUES(8,'2024-12-30 09:41:59.180643','2024-12-30 09:41:59.180643',13,3);
INSERT INTO anime_tracker_anime_genres VALUES(9,'2024-12-30 09:41:59.186640','2024-12-30 09:41:59.186640',13,4);
INSERT INTO anime_tracker_anime_genres VALUES(10,'2024-12-30 09:41:59.187641','2024-12-30 09:41:59.187641',13,5);
INSERT INTO anime_tracker_anime_genres VALUES(11,'2024-12-30 11:22:50.048398','2024-12-30 11:22:50.048398',14,3);
INSERT INTO anime_tracker_anime_genres VALUES(12,'2024-12-30 11:35:27.885529','2024-12-30 11:35:27.886529',17,3);
CREATE TABLE IF NOT EXISTS "anime_tracker_anime_characters" ("id" integer NOT NULL PRIMARY KEY AUTOINCREMENT, "anime_id" bigint NOT NULL REFERENCES "anime_tracker_anime" ("id") DEFERRABLE INITIALLY DEFERRED, "character_id" bigint NOT NULL REFERENCES "anime_tracker_character" ("id") DEFERRABLE INITIALLY DEFERRED);
INSERT INTO anime_tracker_anime_characters VALUES(1,2,2);
INSERT INTO anime_tracker_anime_characters VALUES(2,5,11);
INSERT INTO anime_tracker_anime_characters VALUES(3,15,45);
CREATE TABLE IF NOT EXISTS "anime_tracker_anime_songs" ("id" integer NOT NULL PRIMARY KEY AUTOINCREMENT, "anime_id" bigint NOT NULL REFERENCES "anime_tracker_anime" ("id") DEFERRABLE INITIALLY DEFERRED, "song_id" bigint NOT NULL REFERENCES "anime_tracker_song" ("id") DEFERRABLE INITIALLY DEFERRED);
INSERT INTO anime_tracker_anime_songs VALUES(1,1,1);
INSERT INTO anime_tracker_anime_songs VALUES(2,1,2);
INSERT INTO anime_tracker_anime_songs VALUES(3,2,3);
INSERT INTO anime_tracker_anime_songs VALUES(4,2,4);
INSERT INTO anime_tracker_anime_songs VALUES(5,3,5);
INSERT INTO anime_tracker_anime_songs VALUES(6,3,6);
INSERT INTO anime_tracker_anime_songs VALUES(7,4,7);
INSERT INTO anime_tracker_anime_songs VALUES(8,4,8);
INSERT INTO anime_tracker_anime_songs VALUES(9,5,9);
INSERT INTO anime_tracker_anime_songs VALUES(10,6,10);
INSERT INTO anime_tracker_anime_songs VALUES(11,6,11);
INSERT INTO anime_tracker_anime_songs VALUES(12,7,12);
INSERT INTO anime_tracker_anime_songs VALUES(13,7,13);
INSERT INTO anime_tracker_anime_songs VALUES(14,8,14);
INSERT INTO anime_tracker_anime_songs VALUES(15,8,15);
INSERT INTO anime_tracker_anime_songs VALUES(16,9,16);
INSERT INTO anime_tracker_anime_songs VALUES(17,9,17);
INSERT INTO anime_tracker_anime_songs VALUES(18,10,18);
INSERT INTO anime_tracker_anime_songs VALUES(19,10,19);
INSERT INTO anime_tracker_anime_songs VALUES(20,10,20);
INSERT INTO anime_tracker_anime_songs VALUES(21,10,21);
INSERT INTO anime_tracker_anime_songs VALUES(22,11,22);
INSERT INTO anime_tracker_anime_songs VALUES(23,11,23);
INSERT INTO anime_tracker_anime_songs VALUES(24,11,24);
INSERT INTO anime_tracker_anime_songs VALUES(25,11,25);
INSERT INTO anime_tracker_anime_songs VALUES(26,12,26);
INSERT INTO anime_tracker_anime_songs VALUES(27,12,27);
INSERT INTO anime_tracker_anime_songs VALUES(28,12,28);
INSERT INTO anime_tracker_anime_songs VALUES(29,12,29);
INSERT INTO anime_tracker_anime_songs VALUES(30,13,30);
INSERT INTO anime_tracker_anime_songs VALUES(31,13,31);
INSERT INTO anime_tracker_anime_songs VALUES(32,14,32);
INSERT INTO anime_tracker_anime_songs VALUES(33,14,33);
INSERT INTO anime_tracker_anime_songs VALUES(34,14,34);
INSERT INTO anime_tracker_anime_songs VALUES(35,14,35);
INSERT INTO anime_tracker_anime_songs VALUES(36,14,36);
INSERT INTO anime_tracker_anime_songs VALUES(37,14,37);
INSERT INTO anime_tracker_anime_songs VALUES(38,14,38);
INSERT INTO anime_tracker_anime_songs VALUES(39,14,39);
INSERT INTO anime_tracker_anime_songs VALUES(40,17,40);
INSERT INTO anime_tracker_anime_songs VALUES(41,17,41);
CREATE TABLE IF NOT EXISTS "django_session" ("session_key" varchar(40) NOT NULL PRIMARY KEY, "session_data" text NOT NULL, "expire_date" datetime NOT NULL);
INSERT INTO django_session VALUES('4ea0re8mydw2sll8trip51oth569tmqx','.eJxVjDsOwjAQBe_iGln-YTaU9JwhWu-ucQDZUpxUiLtDpBTQvpl5LzXiupRx7TKPE6uzsurwuyWkh9QN8B3rrWlqdZmnpDdF77Tra2N5Xnb376BgL986mJjZeouMyR3J5-CjJTlhoAgByAUILMA4CGSTJGF0DrPnwSWIbNT7A_MYOIg:1tSAwd:BJ0Aqj2dcq2lqmtgqbFBlpP6ty4ibQ4JJnZ5I58Wjsk','2025-01-13 08:16:11.439305');
CREATE TABLE IF NOT EXISTS "anime_tracker_anime" ("id" integer NOT NULL PRIMARY KEY AUTOINCREMENT, "title" varchar(128) NOT NULL, "synopsis" text NULL, "start_date" date NULL, "end_date" date NULL, "episode_count" integer NOT NULL, "thumbnail" varchar(100) NULL, "average_rating" real NULL, "watched_count" integer NULL, "favorite_count" integer NULL, "created_at" datetime NOT NULL, "updated_at" datetime NOT NULL, "series_id_id" bigint NULL REFERENCES "anime_tracker_series" ("id") DEFERRABLE INITIALLY DEFERRED);
INSERT INTO anime_tracker_anime VALUES(1,'SPY×FAMILY',replace(replace('腐敗した政治家、狂信的な国家主義者、その他の戦争を煽る勢力が、隣国オスタニアとウェスタリスの間の薄っぺらな平和を絶えず脅かしている。彼らの陰謀にもかかわらず、有名なスパイであり変装の達人である「トワイライト」は、子供たちが戦争の恐怖を経験する必要がないようにと、次々と危険な任務を遂行する。\r\n\r\n賑やかなオスタニアの都市ベルリントで、トワイライトは「ロイド フォージャー」という名を騙る。彼は精神科医として名声を得ている。しかし、彼の本当の目的は、息子たちが通う名門校エデン アカデミーにほとんど姿を現さない著名な政治家ドノヴァン デズモンドに関する情報を集めることだった。独身の市役所事務員ヨル ブライアを妻として雇い、好奇心旺盛な 6 歳の孤児アーニャを娘として養子に迎え、ロイドは壮大な計画を実行する。彼はアーニャをエデン アカデミーに入学させ、そこで彼女が優秀になり、ドノヴァンに疑われずに会う機会を与えてくれることを期待している。\r\n\r\nロイドにとって残念なことに、彼のような才能のある男でさえ、愛情深い父親や夫の役を演じるのは難しい。そしてロイドが正体を隠しているのと同じように、地下の暗殺者で「いばら姫」として知られるヨルと、人の心を読むことができる超能力者であるアーニャも、自分の秘密を明かすつもりはない。この絵に描いたような完璧な家族は欺瞞の上に成り立っているが、フォージャー家は次第に、お互いに対する愛が何よりも重要であることに気付くようになる。','\r',char(13)),'\n',char(10)),'2022-04-09','2022-06-25',12,'thumbnails/22Spring01-SPYFAMILY_X5DrtiD.jpg',0.0,0,0,'2024-12-30 08:18:31.396983','2024-12-30 08:21:48.254175',1);
INSERT INTO anime_tracker_anime VALUES(2,'Spy x Family Part 2',replace(replace('アーニャ・フォージャーが名高いエデンアカデミーに無事入学し、オペレーション・ストリクスは第2段階に進む。オスタニアの政治家ドノヴァン・デズモンドを調査するため、アーニャは彼の息子ダミアンと友達になるか、帝国学者になるために8つのステラスターを集める必要がある。幸いにも、アーニャはすでに最初のスターを獲得している。お祝いに、養父のロイドは犬を飼いたいというアーニャの願いを叶えることにする。\r\n\r\n犬の捜索中、ロイドは上司から新たな命令を受ける。ベルリント大学の学生の一団が、訓練された犬に爆弾を装着させてウェスタリスのブランツ大臣を暗殺しようと企んでいることを知ったのだ。ロイドが彼らの計画を阻止しようとする中、アーニャはテロリストの活動拠点に偶然出くわす。そこで彼女は心優しい千里眼の犬と友達になり、後に家族はその犬をボンドと名付ける。\r\n\r\nフォージャー一家はそれぞれ秘密裏に生活を続けますが、新しいふわふわの家族が加わったことで、さまざまな異常な障害を乗り越えて家族は団結し続けます。','\r',char(13)),'\n',char(10)),'2022-10-01','2022-12-24',13,'thumbnails/22Autumn01-SPYFAMILY_w82qg7N.jpg',0.0,0,0,'2024-12-30 08:25:17.655040','2024-12-30 08:27:32.080898',1);
INSERT INTO anime_tracker_anime VALUES(3,'Spy x Family Season 2',replace(replace('心を読む能力を持つアーニャ・フォージャーは、型破りな家族の正体を知っている唯一の人物です。彼女の偽の父親ロイドは、コードネーム「トワイライト」のエリートスパイとして活動しています。彼女の母親ヨルは、暗殺者ソーンプリンセスとして要求に応じて殺人をします。そして、彼らの犬のボンドは予知の才能を持っています。彼らはお互いに真実を隠していますが、このごく普通の家族のふりは、孤児だったアーニャに切望していた本物の愛と温かさを与えています。\r\n\r\nオペレーション・ストリクス（重要な情報を収集し、有力な政治家ドノバン・デズモンドに近づくことで潜在的な戦争を回避するロイドの特別任務）は、アーニャが自分の役割を正しく果たした場合にのみ可能です。彼女は学業で優秀になり、名門校で帝国奨学生になるか、ドノバンの息子ダミアンと友達になることができます。どちらも決して簡単なことではありませんが、アーニャは冒険心を持って、国際平和のために、フォージャーとしての使命に全身全霊で取り組みます。','\r',char(13)),'\n',char(10)),'2023-10-07','2023-12-23',12,'thumbnails/23Autumn01-SPYFAMILY_シーズン_2_tFkayWG.jpg',0.0,0,0,'2024-12-30 08:26:53.756135','2024-12-30 08:30:15.698539',1);
INSERT INTO anime_tracker_anime VALUES(4,'鬼滅の刃',replace(replace('父の死以来、家族を支える重荷は竈門炭治郎の肩にのしかかってきた。人里離れた山で貧しい暮らしをしているが、竈門家は比較的平和で幸せな生活を送っている。ある日、炭治郎は炭を売って少しお金を稼ぐために地元の村に行くことにした。帰る途中、夜になり、炭治郎は見知らぬ男の家に避難せざるを得なくなり、その男は夜の森に潜む肉食鬼の存在を警告した。\r\n\r\n翌日、ようやく家に帰ると、家族全員が惨殺されていた。さらに悪いことに、唯一の生存者は血に飢えた鬼に変えられた妹の禰豆子だった。怒りと憎しみに駆られた炭治郎は、家族の復讐を誓い、唯一残った兄弟のそばに留まることを誓う。炭治郎は、鬼殺隊と名乗る謎の集団とともに、鬼を倒し、愛する妹の残された人間性を守るためにあらゆる手段を講じる。','\r',char(13)),'\n',char(10)),'2019-04-06','2019-09-28',26,'thumbnails/19Spring01-鬼滅の刃_c6PKwBA.jpg',0.0,0,0,'2024-12-30 08:38:52.491022','2024-12-30 08:38:52.491022',2);
INSERT INTO anime_tracker_anime VALUES(5,'劇場版「鬼滅の刃」無限列車編',replace(replace('列車内で一連の謎の失踪事件が発生、鬼殺隊が何度も問題を解決しようと試みるも無駄に終わる。これ以上の犠牲者を出さないために、炎柱の煉獄杏寿郎は自ら脅威を排除する。彼に同行するのは、隊の最も有望な新人である竈門炭治郎、我妻善逸、嘴平伊之助で、この模範的な鬼殺隊の炎の技を目の当たりにしたいと願っている。\r\n\r\n彼らには知らされていないが、失踪事件の原因となった鬼の勢力はすでに邪悪な計画を実行に移している。この鬼の存在の下、隊は意志の力をすべて振り絞って刀を抜き、乗客200人全員を救わなければならない。事態が制御不能に陥り始めると、炭治郎の決意と任務への献身が試される。','\r',char(13)),'\n',char(10)),'2020-10-16',NULL,1,'thumbnails/20MOVIE_劇場版鬼滅の刃無限列車編.jpg',0.0,0,0,'2024-12-30 08:42:55.159280','2024-12-30 08:42:55.159280',2);
INSERT INTO anime_tracker_anime VALUES(6,'鬼滅の刃 遊郭編','無限列車事件の惨劇は、鬼殺隊のメンバーにまだ重くのしかかっていた。回復する時間を与えられたにもかかわらず、悪人は眠らないので、人生は続かなければならない。凶悪な鬼が吉原歓楽街の魅力的な女性たちを恐怖に陥れている。音柱、宇髄天元と彼の3人の妻が事件に取り組んでいる。しかし、すぐに配偶者と連絡が取れなくなると、天元は最悪の事態を恐れ、竈門炭治郎、我妻善逸、嘴平伊之助の助けを借りて、地区で最も著名な家に潜入し、堕落した上等鬼を見つける。','2021-12-05','2022-02-13',11,'thumbnails/22Winter01-鬼滅の刃_遊郭編_HU3V5Am.jpg',0.0,0,0,'2024-12-30 08:46:12.650351','2024-12-30 08:46:12.650351',2);
INSERT INTO anime_tracker_anime VALUES(7,'鬼滅の刃 刀鍛冶の里編',replace(replace('何世紀にもわたり、鬼殺隊は刀鍛冶の里の所在地を厳重に秘密にしてきました。最高の鍛冶屋の村として、鬼殺隊に最高の武器を提供し、夜這いする悪魔と戦い、人間の安全を確保しています。刀が欠けて役に立たなくなった後、竈門炭治郎は大切な妹の禰豆子と一緒に村に護送され、新しい刀を受け取ります。\r\n\r\n一方、上級鬼の死は、鬼の世界の怠惰な秩序を乱します。炭治郎が霧柱時透無一郎と恋柱甘露寺蜜璃と知り合うと、凶暴な力が影から忍び寄り、鬼殺隊の最大の防衛線を打ち砕く脅威となります。','\r',char(13)),'\n',char(10)),'2023-04-09','2023-06-18',11,'thumbnails/23Spring02-鬼滅の刃_刀鍛冶の里編_V1S8Q76.jpg',0.0,0,0,'2024-12-30 08:49:51.161320','2024-12-30 08:49:51.161320',2);
INSERT INTO anime_tracker_anime VALUES(8,'鬼滅の刃 柱稽古編',replace(replace('上弦の鬼との一連の激しい衝突の後、産屋敷一族は鬼舞辻無惨の地獄の軍勢との最後の戦いに備えている。鬼のリーダーを最終的に打ち負かすために、一族は組織で最もエリートの戦士である残りの柱が率いる鬼殺隊の訓練キャンプを考案します。各柱は、自分の能力と一般兵士のスキルの両方を磨くための専門的な訓練を形成します。\r\n\r\n醸成される紛争の中心にいる少年、竈門炭治郎は、最近の戦いで受けた傷から回復しています。半鬼の妹である禰豆子が胡蝶しのぶなどの研究者によって研究されている間、炭治郎は柱との訓練に乗り出し、来たるべき戦争に最善の準備をするために割り当てられた各専門分野での熟達を求めます。炭治郎にとって、それは無惨を完全に排除する戦士になることを誓ったため、不可欠なスキルです。','\r',char(13)),'\n',char(10)),'2024-05-12','2024-06-30',8,'thumbnails/24Spring01-きめつの刃柱稽古編_qL7hvwn.jpg',0.0,0,0,'2024-12-30 08:54:53.382409','2024-12-30 08:54:53.382409',2);
INSERT INTO anime_tracker_anime VALUES(9,'僕のヒーローアカデミア',replace(replace('近年、新たに発見された超能力である「個性」の出現が着実に増加しており、人類の 80% が元素操作からシェイプシフティングまで、さまざまな能力を持っています。これにより、世界の残りの人々は完全に無力になり、緑谷出久もその 1 人です。\r\n\r\n子供の頃から、この野心的な中学生はヒーローになることしか望んでいませんでした。出久の不公平な運命は、ヒーローに憧れ、できる限りヒーローについてメモを取ることにありました。しかし、彼の粘り強さが実を結んだようです。出久はナンバーワンのヒーローであり、彼の個人的なアイドルであるオールマイトに出会います。オールマイトの個性は継承できるユニークな能力であり、彼は出久を後継者に選びました。\r\n\r\n何ヶ月もの厳しいトレーニングに耐え、出久は優れたヒーロートレーニングプログラムで有名な名門高校である UA 高校に入学します。今年の新入生は特に有望です。奇妙だが才能豊かなクラスメイトたちと、迫りくる悪の組織の脅威の中で、出久はすぐにヒーローであることの本当の意味を学ぶことになる。','\r',char(13)),'\n',char(10)),'2016-04-03','2016-06-26',13,'thumbnails/16Spring01-僕のヒーローアカデミア.jpg',0.0,0,0,'2024-12-30 09:02:04.181955','2024-12-30 09:02:04.181955',3);
INSERT INTO anime_tracker_anime VALUES(10,'僕のヒーローアカデミア 2nd Season',replace(replace('UA アカデミーでは、暴力的な攻撃でさえ、最も名誉あるイベントである学校の体育祭を中断することはできません。日本中で有名なこの祭りは、ヒーローを目指す人々が一般の人々と潜在的な採用担当者の両方に能力を披露する機会です。\r\n\r\nしかし、栄光への道は決して容易ではありません。特に緑谷出久にとってはそうです。彼の個性は、大きな生の力を持っていますが、致命的に非効率的でもあります。火と氷を操る轟焦凍などの才能のあるクラスメートと対戦する出久は、鋭い知恵を駆使して周囲の状況を制御し、勝利を収め、世界に自分の価値を証明しなければなりません。','\r',char(13)),'\n',char(10)),'2017-04-01','2017-09-30',25,'thumbnails/17Spring01-僕のヒーローアカデミア_2nd_Season.jpg',0.0,0,0,'2024-12-30 09:06:50.048365','2024-12-30 09:06:50.048365',3);
INSERT INTO anime_tracker_anime VALUES(11,'僕のヒーローアカデミア 3nd Season',replace(replace('UA アカデミーの学生たちに夏がやってくると、訓練中のスーパーヒーローたちはそれぞれ、有名なヒーローになるために最善を尽くします。彼らは UA のプロヒーローが運営する森のトレーニング キャンプに向かいます。そこで学生たちは戦いで互いに対峙し、危険なテストを受け、能力を向上させ、限界を超えていきます。しかし、彼らの修学旅行は突然ひっくり返ります。ヴィラン連盟がキャンプに侵入し、学生の 1 人を捕らえるという使命を帯びてきます。\r\n\r\n僕のヒーローアカデミア 3rd シーズンは、ロールモデルであるオールマイトのようなヒーローになるという夢を実現するためにトレーニングしている野心的な学生、緑谷出久「デク」を追っています。ヴィランの攻撃の混乱に巻き込まれた学生の 1 人であるデクは、クラスメートとともに立ち上がって生き残るために戦わなければなりません。','\r',char(13)),'\n',char(10)),'2018-04-07','2018-09-29',25,'thumbnails/18Spring01-僕のヒーローアカデミア_3nd_Season.jpg',0.0,0,0,'2024-12-30 09:11:53.427998','2024-12-30 09:11:53.427998',3);
INSERT INTO anime_tracker_anime VALUES(12,'僕のヒーローアカデミア 4th season',replace(replace('仮ヒーローライセンス試験に合格した緑谷出久（デク）は、プロのヒーロー事務所で課外インターンシップを探す。メンターであるオールマイトの勧めで、緑谷はオールマイトの元相棒で、今では自らも有名なヒーローとなったサー・ナイトアイのもとで働くことになる。\r\n\r\n緑谷のクラスメイトたちがさまざまなインターンシップを通じて自分の能力をさらに伸ばす中、新進気鋭の悪役カイ・チサキは、その恐ろしい力を利用して犯罪組織の支持を集めている。オーバーホールというあだ名で知られるチサキの野望は、ヴィラン連盟とそのリーダーである死柄木弔村と衝突する。\r\n\r\nサー・ナイトアイとの活動を通じて、緑谷はチサキの犯罪シンジケートと、その悪役とエリという謎の少女との敵対関係を発見する。子供の安全を心配して、緑谷と上級生の遠形ミリオは、千咲の恐怖政治を終わらせるために協力しなければなりません。','\r',char(13)),'\n',char(10)),'2019-10-12','2020-04-04',25,'thumbnails/20Autumn02-僕のヒーローアカデミア_4th_season.jpg',0.0,0,0,'2024-12-30 09:18:37.024501','2024-12-30 09:18:37.024501',3);
INSERT INTO anime_tracker_anime VALUES(13,'ダンダダン',replace(replace('人気者の高校生、綾瀬ももは、最近別れたばかりで動揺している。彼女は、社交性のない同級生、高倉健に優しく接するため、彼のいじめっ子たちに立ち向かう。健は彼女の意図を誤解し、自分と同じように宇宙人とUFOに夢中な新しい友達ができたと思い込む。しかし、もも自身の風変わりなオカルト信仰は超自然的な領域にあり、彼女は宇宙人は存在しないと考えている。お互いが間違っていることを証明しようと決意するにつれ、すぐにライバル関係が生まれる。\r\n\r\n当初は相反する信仰で衝突したが、ももと健は予期せぬ親密な友情を築く。それは、一連の超自然的な戦いや、都市伝説や超常現象との奇妙な遭遇の中で築かれた絆\r\n\r\nである。2人とも独自の超人的能力を発達させるにつれ、お互いの弱点を補うことを学び、新たなパートナーシップは単なる生存以上のものなのではないかと考えるようになる。','\r',char(13)),'\n',char(10)),'2024-10-04','2024-12-20',12,'thumbnails/24Autumn01-ダンダダン.jpg',0.0,1,0,'2024-12-30 09:40:56.527197','2024-12-30 09:58:59.855949',4);
INSERT INTO anime_tracker_anime VALUES(14,'BLEACH',replace(replace('黒崎一護は普通の高校生だったが、家族が人の魂を食い尽くそうとする邪悪な霊、虚に襲われる。その時、一護は朽木ルキアという死神と出会う。朽木ルキアは一護の家族を襲撃者から守ろうとして負傷する。家族を救うため、一護はルキアの力を借りるという申し出を受け入れ、結果として死神となる。\r\n\r\nしかし、ルキアは力を取り戻すことができず、一護は町を悩ませる虚を追い詰めるという困難な任務を与えられる。しかし、一護は孤独ではなく、後にクラスメイトの井上織姫、佐渡泰虎、石田雨竜といったそれぞれ独自の能力を持つ友人たちと戦うことになる。一護と仲間たちが新たな任務に慣れ、戦場の内外で互いに支え合うようになると、若き死神は、ホロウだけが人間界に対する唯一の本当の脅威ではないことにすぐに気づく。','\r',char(13)),'\n',char(10)),'2004-10-05','2012-03-27',366,'thumbnails/04Autumn01-BLEACH.jpg',0.0,0,0,'2024-12-30 11:22:50.009717','2024-12-30 11:27:55.456408',5);
INSERT INTO anime_tracker_anime VALUES(15,'BLEACH 千年決戦編',replace(replace('死神代行の黒崎一護は、空座町を脅かす危険な悪霊、虚と戦う日々を送っている。一護は、治癒の才能を持つ幼なじみの井上織姫、超人的な力を持つ高校の同級生の茶渡泰虎、そして一護のクインシーのライバルである石田雨竜という最も親しい仲間たちと共に戦いを繰り広げる。\r\n\r\n一護の自警活動は、古代のクインシーの王であるユーハバッハの復活を告げる危険なアランカル、アスギアロ・エバーンの突然の出現によって中断される。ユーハバッハは、死神とクインシーの間の歴史的な血の確執を再燃させようとしており、人間界と尸魂界の両方を永久に消滅させることを狙っている。\r\n\r\nユーハバッハは、尸魂界と虚とアランカルの故郷であるヒューコ・ムンドの両方に二方面からの侵略を開始する。報復として、一護とその友人たちは、世界が終わる前にユーハバッハの大虐殺を終わらせるために、古くからの仲間や敵と共に戦わなければなりません。','\r',char(13)),'\n',char(10)),'2022-10-11','2022-12-27',13,'thumbnails/22Autumn03-BLEACH_千年血戦篇.jpg',0.0,0,0,'2024-12-30 11:30:42.219039','2024-12-30 11:30:42.220039',5);
INSERT INTO anime_tracker_anime VALUES(16,'BLEACH 千年血戦篇 -決別譚-','','2023-07-08','2023-09-30',13,'thumbnails/23Spring03-BLEACH_千年血戦篇_-決別譚-.jpg',0.0,0,0,'2024-12-30 11:32:46.661638','2024-12-30 11:32:46.661638',5);
INSERT INTO anime_tracker_anime VALUES(17,'BLEACH 千年血戦篇 -相剋譚-','','2024-10-05','2024-12-28',14,'thumbnails/24Autumn02-BLEACH_千年血戦篇-相剋譚-.jpg',0.0,0,0,'2024-12-30 11:35:27.863521','2024-12-30 11:35:27.863521',5);
DELETE FROM sqlite_sequence;
INSERT INTO sqlite_sequence VALUES('django_migrations',23);
INSERT INTO sqlite_sequence VALUES('django_content_type',21);
INSERT INTO sqlite_sequence VALUES('auth_permission',84);
INSERT INTO sqlite_sequence VALUES('auth_group',0);
INSERT INTO sqlite_sequence VALUES('anime_tracker_seasons',88);
INSERT INTO sqlite_sequence VALUES('anime_tracker_genres',12);
INSERT INTO sqlite_sequence VALUES('anime_tracker_tags',16);
INSERT INTO sqlite_sequence VALUES('anime_tracker_users',1);
INSERT INTO sqlite_sequence VALUES('anime_tracker_series',5);
INSERT INTO sqlite_sequence VALUES('anime_tracker_anime_tags',15);
INSERT INTO sqlite_sequence VALUES('anime_tracker_anime_seasons',48);
INSERT INTO sqlite_sequence VALUES('anime_tracker_voiceactor',16);
INSERT INTO sqlite_sequence VALUES('anime_tracker_artist',36);
INSERT INTO sqlite_sequence VALUES('anime_tracker_song',41);
INSERT INTO sqlite_sequence VALUES('anime_tracker_studios',7);
INSERT INTO sqlite_sequence VALUES('anime_tracker_character',45);
INSERT INTO sqlite_sequence VALUES('anime_tracker_anime_songs',41);
INSERT INTO sqlite_sequence VALUES('anime_tracker_anime_studio',20);
INSERT INTO sqlite_sequence VALUES('anime_tracker_anime_characters',3);
INSERT INTO sqlite_sequence VALUES('anime_tracker_anime_genres',12);
INSERT INTO sqlite_sequence VALUES('anime_tracker_user_anime_relations',1);
INSERT INTO sqlite_sequence VALUES('anime_tracker_anime',17);
CREATE UNIQUE INDEX "django_content_type_app_label_model_76bd3d3b_uniq" ON "django_content_type" ("app_label", "model");
CREATE UNIQUE INDEX "auth_group_permissions_group_id_permission_id_0cd325b0_uniq" ON "auth_group_permissions" ("group_id", "permission_id");
CREATE INDEX "auth_group_permissions_group_id_b120cbf9" ON "auth_group_permissions" ("group_id");
CREATE INDEX "auth_group_permissions_permission_id_84c5c92e" ON "auth_group_permissions" ("permission_id");
CREATE UNIQUE INDEX "auth_permission_content_type_id_codename_01ab375a_uniq" ON "auth_permission" ("content_type_id", "codename");
CREATE INDEX "auth_permission_content_type_id_2f476e4b" ON "auth_permission" ("content_type_id");
CREATE UNIQUE INDEX "anime_tracker_users_groups_users_id_group_id_e0c12239_uniq" ON "anime_tracker_users_groups" ("users_id", "group_id");
CREATE INDEX "anime_tracker_users_groups_users_id_c9474984" ON "anime_tracker_users_groups" ("users_id");
CREATE INDEX "anime_tracker_users_groups_group_id_d1f69ee8" ON "anime_tracker_users_groups" ("group_id");
CREATE UNIQUE INDEX "anime_tracker_users_user_permissions_users_id_permission_id_13ac459e_uniq" ON "anime_tracker_users_user_permissions" ("users_id", "permission_id");
CREATE INDEX "anime_tracker_users_user_permissions_users_id_92b3418f" ON "anime_tracker_users_user_permissions" ("users_id");
CREATE INDEX "anime_tracker_users_user_permissions_permission_id_64e736bd" ON "anime_tracker_users_user_permissions" ("permission_id");
CREATE INDEX "anime_tracker_user_anime_relations_anime_id_id_4b00c912" ON "anime_tracker_user_anime_relations" ("anime_id_id");
CREATE INDEX "anime_tracker_user_anime_relations_user_id_id_08efced7" ON "anime_tracker_user_anime_relations" ("user_id_id");
CREATE INDEX "anime_tracker_song_artist_id_ebe8b702" ON "anime_tracker_song" ("artist_id");
CREATE INDEX "anime_tracker_character_anime_id_id_746cb41a" ON "anime_tracker_character" ("anime_id_id");
CREATE INDEX "anime_tracker_character_voice_actor_id_1bf76ed0" ON "anime_tracker_character" ("voice_actor_id");
CREATE INDEX "anime_tracker_anime_tags_anime_id_id_577a309c" ON "anime_tracker_anime_tags" ("anime_id_id");
CREATE INDEX "anime_tracker_anime_tags_tag_id_id_911decdc" ON "anime_tracker_anime_tags" ("tag_id_id");
CREATE INDEX "anime_tracker_anime_studio_anime_id_id_92236570" ON "anime_tracker_anime_studio" ("anime_id_id");
CREATE INDEX "anime_tracker_anime_studio_studio_id_id_ca768eee" ON "anime_tracker_anime_studio" ("studio_id_id");
CREATE INDEX "anime_tracker_anime_seasons_anime_id_id_c5893725" ON "anime_tracker_anime_seasons" ("anime_id_id");
CREATE INDEX "anime_tracker_anime_seasons_season_id_id_943b69a3" ON "anime_tracker_anime_seasons" ("season_id_id");
CREATE INDEX "anime_tracker_anime_genres_anime_id_id_e21c59b3" ON "anime_tracker_anime_genres" ("anime_id_id");
CREATE INDEX "anime_tracker_anime_genres_genre_id_id_513eb52b" ON "anime_tracker_anime_genres" ("genre_id_id");
CREATE UNIQUE INDEX "anime_tracker_anime_characters_anime_id_character_id_478098a1_uniq" ON "anime_tracker_anime_characters" ("anime_id", "character_id");
CREATE INDEX "anime_tracker_anime_characters_anime_id_7f753570" ON "anime_tracker_anime_characters" ("anime_id");
CREATE INDEX "anime_tracker_anime_characters_character_id_69dcd0ba" ON "anime_tracker_anime_characters" ("character_id");
CREATE UNIQUE INDEX "anime_tracker_anime_songs_anime_id_song_id_be858a72_uniq" ON "anime_tracker_anime_songs" ("anime_id", "song_id");
CREATE INDEX "anime_tracker_anime_songs_anime_id_f4fbe259" ON "anime_tracker_anime_songs" ("anime_id");
CREATE INDEX "anime_tracker_anime_songs_song_id_513631a9" ON "anime_tracker_anime_songs" ("song_id");
CREATE INDEX "django_session_expire_date_a5c62663" ON "django_session" ("expire_date");
CREATE INDEX "anime_tracker_anime_series_id_id_3a7ece3d" ON "anime_tracker_anime" ("series_id_id");
COMMIT;
